date,song,artist,lyrics
11/6/2021,Fair Trade,Drake Featuring Travis Scott,"Yeah
(Senseless sight to see)
Yeah
(Senseless sight to see)
Ayy
Feelin' young but they treat me like the OG
And they want the tea on me, I swear these bitches nosy
Said he put some money on my head, I guess we gon' see
I won't put no money on his head, my niggas owe me
I gotta be single for a while, you can't control me
Uno, dos, tres, in a race, they can't hold me
And I show my face in a case so you know it's me
Imitation isn't flattery, it's just annoyin' me
And I'm too about it
And the dirt that they threw on my name
Turned to soil and I grew up out it
Time for y'all to figure out what y'all gon' do about it
Big wheels keep rollin', rollin'
I'm outside, 29, G5, seaside
I been losin' friends and findin' peace
But honestly, that sound like a fair trade to me
If I ever heard one and I'm still here
Outside, frontline, Southside
I've been losin' friends and findin' peace
Honestly, that sound like a fair trade to me
Look, don't invite me over if you throw another pity party
Lookin' back, it's hard to tell you where I started
I don't know who love me, but I know that it ain't everybody
I can never love her, she a busy body
Baby, if you want me, can't be turnin' up with everybody, nah
Can't be fuckin' on just anybody, yeah
I got feelings for you, that's the thing about it, yeah
You know that, it's somethin' when I sing about it, yeah
Momma used to be on disability but gave this ability
And now she walkin' with her head high and her back straight
I don't think you feelin', I'm out here
Bein' everything they said I wouldn't be and couldn't be
I don't know what happened to them guys that said they would be
I still see you at the top and they misunderstood me
I hold no resentment in my heart, that's that maturity
And we don't keep on us anymore, it's with security
I'm outside (yeah), 29 (yeah), G5, seaside
I've been losin' friends and findin' peace
But honestly, that sound like a fair trade to me
If I ever heard one and I'm still here
Outside, frontline, Southside (Southside)
I've been losin' friends and findin' peace
Honestly, that sound like a fair trade to me
I don't understand why you blame me
Take me as I am, it's the same me (I'm trying)
Senseless sight to see
Senseless sight to see (outside)
Rollin' in a Rolls and ain't no safety
Ridin', engine revvin'
Gotta roll over to you gotta get my release
Spread your legs downtown as I'm going out to eat
You can hear the raw sounds when it rock up in your sleep
I'ma roll on her 'fore I let her roll on me
Split this one down the middle, wake up in a harmony (sick)
Worried sick, I'm sick of worryin' (sick, sick)
It's just a worryin', I'd rather bury them
I'm talkin' fake friends and skeletons (yeah)
Early morning, shoulder rubs and lawyer signed the settlement
I'm never settling this shit get darker then my melanin
At the crib all by myself, this shit been cavin' in
Scrolling through my call log by emojis how I'm saving 'em
Del Mar as the beach where my hoe was but I favorite them
That butterfly emoji hold me down and all my babies dem
Backwood in your face, won't push away, he got the K on him
I broke bread instead of watchin' niggas break down (break it)
They sent a couple bitches too like I'm from Cape Town
Know they position, you know ass up with the face down (let's go)
I'm never content, two mil' an event, I get it frequent
I'm make an expense, to me it's just sense
I'm droppin' the top, no tint for the whip
I'm dropping the top 'cause bro tried to spin
She dropping the top she back again
Fuck her 'cause she at the crib again, company
I let it slide when I really should slid
After all the shit I did
Look at how they repaying me back
Now fall out my real
Tell me, what kind of payment is that?
I put that on my kid and my trust
Yeah, it is what it is
I'm outside, 29, G5, (ah-ah-ah), seaside
I been losing friends and finding peace
But honestly that sounds like a fair trade to me
If I ever heard one then I'm still here
Outside, front line, Southside
I been losing friends and finding peace
Honestly, that sounds like a fair trade to me
I don't understand why you blame me
Take me as I am, it's the same me
Senseless sight to see
Senseless sight to see
Up on a mountain (up on a mountain)
Search through the valley (search through the valley)
You hear me calling (you hear me calling)
Won't you come find me? (Won't you come find me?)
Please don't forsake me (please don't forsake me)
All of a sudden (all of a sudden)
My heart is breaking (breaking)
I feel it coming, I, I"
11/6/2021,In The Bible,Drake Featuring Lil Durk & Giveon,"Okay, okay
Okay
Countin' up my bodies, damn, that thing just start to pile
Judge me how you judge me, take them bitches out to trial
Fucked a hundred niggas, how them niggas love you now?
You don't know love, you don't love me like my child
Lay your ass down, then that liquor get you fired up
Turn up every day, girl, it don't say that in the Bible
Can't give it up 'cause you love the lifestyle
Told the girls to meet at Tao
Now y'all doin' shots, now them bitches got you fired up
Don't know who you talking 'bout, I put that on the Bible
Turnin' up on me, don't make me turn it back around
And you know
Think I'm Tiger Woods, the way I'm teed off the 17
And you know pockets on whatever jeans, forever green
And you know, told me lotta things but ain't say everything
But now I know, every single thing there was plenty things I didn't know
Plenty things you didn't say, was fuckin' with you anyway
Was fuckin' with you way before you had some confessions to make
You decide to take it to the grave, I know you gon' take it
And you know (and you know, and you know)
Okay, okay
Okay
Countin' up my bodies, damn, that thing just start to pile
Judge me how you judge me, take them bitches out to trial
Fucked a hundred niggas, how them niggas love you now?
You don't know love, you don't love me like my child
Lay your ass down, then that liquor get you fired up
Turn up every day, girl, it don't say that in the Bible
Can't give it up 'cause you love the lifestyle
Okay, okay, okay
Trenches bitch, I got her a salon
Gucci and Pucci, it's deep in her budget
She hittin' up Virgil for Louis Vuitton
It's not in the Bible to wife off one girl
I'm Muslim, I go by Quran
The way I be smilin' and holdin' my gun
She think I be mimickin' Von, Grandson
She only play me in the whip, India Royale cosmetic
I'm just promoted my bitch
Drake song do a billion streams for sure, I'm just promotin' her shit
Nasty with it, take her to Sono Bello and get her some massive titties
Fashion nigga, Rhude call when they drop, might send my addy with it
Bitch left me and I'm glad she did it
Know I be testin' bitches
Back to back, I'm wrestlin' with 'em
Lean' voice, I'm raspy with it
I did my dance one time on TikTok and went viral with it
Mm-hmm, mm (yeah, yeah), mm-hmm, mm (yeah-yeah, yeah-yeah)
Mm-hmm, mm (yeah-yeah)
Mm-hmm, mm (yeah-yeah)
Okay, okay
Okay
Countin' up my bodies, damn, that thing just start to pile
Judge me how you judge me, take them bitches out to trial
Fucked a hundred niggas, how them niggas love you now?
You don't know love, you don't love me like my child
Lay your ass down, then that liquor get you fired up
Turn up every day, girl, it don't say that in the Bible
Can't give it up 'cause you love the lifestyle
You've been on my mind
We've been spendin' time, but I'm scared
A good girl inside (a good girl inside)
But you're tainted every time that I'm there (tainted)
Here we are now and it's crazy, how my flaws down to you, baby
You love, you trust, you trust
I'm not what you think
Don't be proud of me
I'm not what you feel
And you gon' see it real soon
I'm not what you think
Don't be proud of me
I'm not what you feel
And when you see the real, will you still want me?"
10/16/2021,Love All,Drake Featuring JAY-Z,"Previously on Ready To Die
Never had a lot, this is all I need
People never care 'til it's R.I.P.
Niggas turned they back on me for no good reason
Loyalty is priceless and it's all I need
Can't burn a bridge just to light my way
Lotta '42 on the flights I'm taking
Pouring out my soul and it might sound crazy
Lotta falling outs help me build foundation
Never had a lot, this is all I need
People never care 'til it's R.I.P.
Niggas turned they back on me for no good reason
Never had a lot, this is all I need
Lost individuals is all I see
Grab the top spot like ""pardon my reach""
Woke up one day and it was all on me
If it comes down, it's gon' fall on me
Lotta '42 on the flights I'm taking
Long way down from the heights I'm chasing
Just touched down, I was lights out in Vegas
Girls checking in 'cause my lifestyle dangerous
Hard to tell people that I'm all out of favors
Call me for songs or they call me for paper
Turning off my phone for the night now, baby
Pouring out my soul and it might sound crazy
Some of my niggas don't love me
We should sit down before shit turns ugly
We should sit down since you said things about me
Never had a lot, this is all I need
People never care 'til it's R.I.P.
Niggas turned they back on me for no good reason
Loyalty is priceless and it's all I need
Can't burn a bridge just to light my way
Lotta '42 on the flights I'm taking
Pouring out my soul and it might sound crazy
Lotta falling outs help me build foundation
Never had a lot, this is all I need
People never care 'til it's R.I.P.
Niggas turned they back on me for no good reason
Niggas wanted to kill me and y'all still with 'em
Nigga, y'all chill with 'em, and y'all wonder why we not friends?
Best thing I can do is not build with you
When I could destroy you, that takes some fucking discipline
I could send a team to come drill you, I got a billion or two
And I know where the fuck you live
Niggas gotta chill with talking gangsta
You should just thank us, humble yourselves a little bit
This ain't the same Shawn that you knew once
I don't shine shoes, uh
This ain't what you want, no
All that back and forth on the internet
Nigga, we don't tennis that
Y'all gotta do something, yeah
Only thing we 'spect now is violence
Anything besides this, we playing violins, uh
I'm public enemy
Niggas wanted to kill me, and y'all want me to be friendly
Niggas want sympathy after they wanted to end me
Be those closest to it, be the very ones that envy
Shout out to the family
I don't want no friends no more, not many understand me
Everybody want something
You know the price of everything but the value of nothing
But everybody want something
You know the price of everything but the value of nothing
Never had a lot, this is all I need
People never care 'til it's R.I.P.
Niggas turned they back on me for no good reason
Loyalty is priceless and it's all I need
Can't burn a bridge just to light my way
Lotta '42 on the flights I'm taking
Pouring out my soul and it might sound crazy
Lotta falling outs help me build foundation
Never had a lot, this is all I need
People never care 'til it's R.I.P.
Niggas turned they back on me for no good reason"
9/25/2021,IMY2,Drake Featuring Kid Cudi,"I think that's what life is about
Truly finding yourself
And then closin' your eyes and dyin' in your sleep
Lifted are my days, my dreams are vivid colors (woo)
The jet is low, they make me take your trips, we fly by (let's go)
No stress is on my brain, no worries here, I'm chosen (yeah, yeah)
Made another way, my nigga, watch me go shine
When I close my eyes, my world comes alive (yeah)
La-la-la-la-la-la
People grow, good times sometimes (nigga)
Real niggas in life survive (yeah)
And I'm sailin' to the edge of my mind
Nigga, double up life (yeah, yeah)
Set the tempo, got a nympho on my line (yeah-yeah)
Said she wanna unwind (she do)
And I'm focused on gettin' more
They too stuck on gettin' even, I'm ready for it
We should really be together more
'Cause I know we got some time but I'm never sure
Catch me ten-toes in the limelight (yeah)
Fuck the world up, on my life, right
Sayin' I'm the one, she lie, lie
She checkin' for me, now baby come in my dreams, my dreams (yeah)
Whoa, whoa, whoa, whoa, whoa, whoa
Hey-ayy, hey-ayy, hey-yeah
Whoa-whoa, whoa-whoa, whoa, whoa, whoa, whoa
Finding myself as the days
Fly by like us on the move
You told me I was a phase
Okay, fine, I miss you too
Probably wouldn't believe me if I told you
Pieces of myself that I should never lose
All these people that love you don't know you
How am I supposed to move?
Hey-ayy, hey-ayy, hey-yeah
How am I supposed to move?
All my niggas rally 'round me
Bold niggas gettin' real italics 'round me
Finally circled, found the purple
Undisclosed amounts straight from Universal
Too commercial, 'leven years later, I done found my purpose
Here I am, oh, they mad
Goin' out swingin' for 'em, goin' out sad
Catch me ten-toes in the limelight (yeah)
Fuck the world up, on my life, right
Sayin' I'm the one, she lie, lie
She checkin' for me, now baby come in my dreams, my dreams (yeah)
Whoa, whoa, whoa, whoa, whoa, whoa
Hey-ayy, hey-ayy, hey-yeah
Whoa-whoa, whoa-whoa, whoa, whoa, whoa, whoa
Finding myself as the days
Fly by like us on the move
You told me I was a phase
Okay, fine, I miss you too
Probably wouldn't believe me if I told you
Pieces of myself that I should never lose
All these people that love you don't know you
How am I supposed to move?
Gettin' more
We should really be together more
But I'm never sure"
9/4/2021,Betrayal,Trippie Redd Featuring Drake,"Hit it (hit it)
(PinkGrillz)
Paper planes (paper planes), Novocaine (Novocaine)
Mary Jane (yeah)
Say one thing to me, you Texas toast, no Raising Cane's
I can't lie, life's good, man, I can't complain (yeah)
Walkin' through the hood undoubtedly without a stain
Hopped off the porch, I'm a prodigy, they know the name
Had to run it up like my prophecy financial gain (PinkGrillz)
If you ain't with me, you against me, then get out the way (woah)
We be spinnin' on you and your people, dancin' on your grave
Keep them choppers like Resident Evil, we dress like Blood Range
Rocked out, American eagle, hoodie got blood stains
And my brother whippin' up them kilos, I told him ""Fuck the game""
Twin Glocks, Max Payne, kickin' shit, Johnny Cage
Ices out at Johnny Dang, beat shit, Liu Kang
Flamin' shit, Liu Kang, brand new day (PinkGrillz)
Brand new K, ballin' like 2K
I swear I been betrayed ('trayed)
One too many times (times)
Too many to count (count), yeah
All them nights I prayed
Solid how I stayed (stayed)
No matter how they played it, I still don't mind (woah, yeah)
There's too many to count (ayy, ayy, PinkGrillz)
Times I been betrayed, fuck is that about?
Paper plane, Laker game, Novocaine (Novocaine)
Head shot, Drizzy, man, you know the aim (grrrt)
Niggas prayin' that I spare 'em like a bowling lane (woo, woo)
Yeah, like Mike (like Mike)
Corleone (Corleone), sporty flow (sporty flow)
I done done it all, it's like I'm Shawty Lo (shawty)
All these fools I'm beefin' that I barely know
45, 44 (burned out), let it go
Ye ain't changin' shit for me, it's set in stone
Rollin' stones, heavy stones (PinkGrillz)
Precious stone, let me make my presence known
Paper planes (paper planes), Novocaine (Novocaine)
Mary Jane (yeah)
Say one thing to me, you Texa's toast, no Raising Cane's
I can't lie, life's good, man, I can't complain (yeah)
Walkin' through the hood undoubtedly without a stain
Hopped off the porch, I'm a prodigy, they know the name
Had to run it up like my prophecy, financial gain (PinkGrillz)
If you ain't with me, you against me, then get out the way (yeah, woah)"
9/4/2021,Holy Smokes,Trippie Redd Featuring Lil Uzi Vert,"Yeah, yeah
Holy fuckin' smokes, I got my money up (cash)
Countin' all these bands, took me a while just to damn run it up
Multi millions, I fill a hundred up
All this cash on me but I still can't buy love
Put the hunduns in the Chanel, got my racks up
See a bag for this shit like a acrobat, nigga, get your stacks up
Got two accounts, still got millions in my backup
All this cash on me, but this money still won't buy love
You can't fit my racks in an arena
White cup filled with purple stuff, it look like Frieza
Bro and them got hit with that subpoena
Better keep they mouth shut or we're gonna have to clean up
Throwin' money up like I'm nauseous
Baby girl, I'm exhausted
Baby, be cautious
Know the streets be talkin'
Every day, walk with a check and a motherfuckin' target
Every day, makin' money every way, hang with them bosses
Holy fuckin' smokes, I got my money up (cash)
Countin' all these bands, took me a while just to damn run it up
Multi millions, I fill a hundred up
All this cash on me but I still can't buy love
Put the hunduns in the Chanel, got my racks up
See a bag for this shit like a acrobat, nigga, get your stacks up
Got two accounts, still got millions in my backup
All this cash on me, but this money still won't buy love
All this damn dick fillin' her tummy up (yeah)
I done fucked your bitch and her best friend in front of her
How the fuck you ain't never get your money up?
I just spent me a hundred thousand, I treat it like it's 20 bucks
I'm a Leo, now watch how I fuck the summer up
Your girl got my name tatted, she swear she won't get a cover up
If he want smoke with me, that's another blunt
All different kinds
Every girl fine
Can't make my mind
Holy fuckin' smokes, I got my money up (cash)
Countin' all these bands, took me a while just to damn run it up
Multi millions, I fill a hundred up
All this cash on me but I still can't buy love
Put the hunduns in the Chanel, got my racks up
See a bag for this shit like a acrobat, nigga, get your stacks up
Got two accounts, still got millions in my backup
All this cash on me, but this money still won't buy love"
9/4/2021,MP5,Trippie Redd Featuring SoFaygo,"I'm too far gone (ah)
Yeah
Hop out a GT3 with an MP5 (bah)
Yeah, I got ice like Alaska, jet to Dubai (on gang, yeah)
Had to spread my wings to teach 'em all how to fly (yeah)
Yeah, you niggas square divided by pi
Yeah, rolling 'round, three GMC's, 'bout to be a drive-by (brrah)
But lil' homie know what's up with me
Talk down, you gon' die (you gon' die)
Keep that forty on my lap, I spent like twenty-four on my wrist (woo)
When you see me out in LA, just know I'm balling like Kobe (woo)
I've been number one, bitch, don't need no trophy
Know we crackheads, pass me the rock and I be balling like Kobe
Rolling down the 101, not no Zoey
I stay stacking with my twin for the win, Zack & Cody
You niggas be hating, Mister Moseby (Mister Moseby ass nigga)
Stackin' it up on lowkey (stack, stack, stack)
Stackin' up, rackin' up, triple OG (woo, stack)
Don't stress, stay blessed (yeah)
Get away from the phony (yeah, yeah, yeah)
Hop out a GT3 with an MP5 (bah)
Yeah, I got ice like Alaska, jet to Dubai (on gang, yeah)
Had to spread my wings to teach 'em all how to fly (yeah)
Yeah, you niggas square divided by pi
Yeah, rolling 'round, three GMC's, 'bout to be a drive-by (brrah)
But lil' homie know what's up with me
Talk down, you gon' die (you gon' die)
Keep that forty on my lap, I spent like twenty-four on my wrist (woo)
When you see me out in LA, just know I'm balling like Kobe (woo)
Light that shit up (go)
Walk in the spot, I'ma pipe that shit up (yeah, yeah)
Yeah, them niggas hatin' my swag, them niggas so bitter (yeah)
I thought I told them lil' niggas
I'm hard hitter (taking that shit to the heart)
Yeah, I thought I told you lil' niggas
I'm go getter (tell them lil' niggas, on God)
Pressure don't matter, like how could you fold nigga? (How could you, bitch? Oh my God)
Yeah, how could you let the hate sit in your soul, nigga? (How could that sit in your soul?)
Yeah, shorty a demon, a real soul switcher (oh my God, how did you know?)
Young nigga stepping on toes (go)
Handle that shit like you grown (go)
Doin' this shit on my lone, aye
I got that bag by my own
Fuck it, I'm in the zone
Ghost, like nigga I'm gone
Hop in that Ghost, I'm ghost, on God
Hop out a GT3 with an MP5 (bah)
Yeah, I got ice like Alaska, jet to Dubai (on gang, yeah)
Had to spread my wings to teach 'em all how to fly (yeah)
Yeah, you niggas square divided by pi
Yeah, rolling 'round, three GMC's, 'bout to be a drive-by (brrah)
But lil' homie know what's up with me
Talk down, you gon' die (you gon' die)
Keep that forty on my lap, I spent like twenty-four on my wrist (woo)
When you see me out in LA, just know I'm balling like Kobe (woo)"
6/12/2021,Solid,Young Thug & Gunna Featuring Drake,"Ayy
Slip, slide, tryna provide for me
For me
For me

Find me somewhere out in London, you know that's the hideaway
I need some head and some moral support from you right away
Since I been makin' donations, see you like United Way, you know how I do
Stories you told me 'bout him, I can see that it's night and day, he told me the truth
Walkin' from here to my bedroom, it feel like it's miles away, there's too many rooms

And I'm still hard body, I don't fear nobody
Phantom whips, I'm ridin', all my friendships solid
I get big deposits, all my whips exotic

Revvin' the engine, whoa
City dependin', I gotta finish it
I want opinions, why? She want a demon, yeah
She want a ring or some sort of arrangement, yeah
Somethin' that's dangerous
I wanna change it, I wanna claim it, yeah
I want it painted, yeah
She quick to say, ""No"", 'cause she know she a diamond, uh
She gettin' quiet, uh
She on a diet, she want a massage, yeah
Tryna get intimate, ayy
Bank account never diminishin', yeah
Niggas are changing they images, yeah
Niggas act hard but they innocent, yeah
Hop in a tank and move militant
Yeah, yeah, yeah, yeah

Find me somewhere out in London, you know that's the hideaway
I need some head and some moral support from you right away
Since I been makin' donations, see you like United Way, you know how I do
Stories you told me 'bout him, I can see that it's night and day, he told me the truth
Walkin' from here to my bedroom, it feel like it's miles away, there's too many rooms

And I'm still hard body, I don't fear nobody
Phantom whips, I'm ridin', all my friendships solid
I get big deposits, all my whips exotic

Trunk on the engine, I'm on a mission
The Bronco two-fifty, I'm out your division
I got 'em excited, know it's been a lil' minute
I left her delighted, man, I love all her Chrome Hearts
These suckers despised it, the touch is the Midas
She said, ""F*ck me and cum,"" I just do it like Loverboy Nike
Ordered the jet just for you and your friends
Chauffeur you 'round in that big body Benz
Got a lil' bitch that came up from nothing
We shoppin' in London and doin' it big
Been in private but we out in public
I know we the topic for you and your kids
Life's Monopoly, goin' broke not a option
If they could've stopped it, they would've been did
They would've been dead, she could be the wig
Don't play with my head, don't you test my emotions
Don't be textin' my phone every day, I'ma leave it on read
I'm diggin' and strokin'
My new bitch pussy wet like a ocean, I need a new spread
The solid one chosen
Young Gunwunna stay focused, I can't let 'em put me on edge

No, they cannot put me on edge
I just bust down my wrist and it's rose gold and it's ahead
I just put pointers on fingers
I just counted ten million, all cash, and got head from the feds
Woo, yeah, I just told 'em if he play then we stoppin' the growth of they dreads (stoppin')
I just had talk with the peppermint Porsch
That I'm never gon' drive 'em this year (skrr, skrr, skrr, skrr)
Feel the panoramic doors, we got fours and deuces, toast
I'm the big dog of my coast (whoa)
Micro minis with the scopes (uh)
Ain't tellin' this bitch my goals (my goals)
Had her livin' at the Montrose (Montrose)
I'ma peep, but a player not poor (yeah)
I been thinkin' 'bout selling my soul (woo)
Take me out the country and drop me in apartments, she won't see me cry
I just put macaroni cheese in my pocket, it came with the sides
I just put twenty mil' inside a escrow, I don't give a f*ck 'bout your life
You had a bust, but that shit was too little, I promise you never was hot"
5/15/2021,Sorry Not Sorry,"DJ Khaled Featuring Nas, JAY-Z & James Fauntleroy","Ah-ah
Oh-woah
Sorry, not sorry, don't mind me
I'm livin' the dream, livin' the dream, yeah
Came from nothin', whoever thought that we would be
Livin' the dream? Livin' the dream, yeah
We The Best Music
Another one
DJ Khaled
Hear ye, hear ye, only kings stand near me
Silicon Valley money mixed with Henny, that's Effendi
Half a century almost, sliced the green like a lawnmower
'Til we all on, never fall off, hear a boss talk
You don't hear me? That's your loss
Winner in life, fuck a coin toss
I'm coin-based, basically cryptocurrency Scarface
Join us, there's gotta be more of us
I'm from the ghetto, what location? Two seconds from the Devil
I live heavenly in Cabo, with a Mexican sombrero
Drink heavily, health is wealth (health is wealth)
Look at wealthy me, wipe your nose, HSTRY my type of clothes
Miss me with the hate, helped so many people get cake
Whips and cream for the crew, no other weed, that thing faster
The time I spit this, I started some other business (some other business)
Came from the pitchin' (came from the pitchin')', 'caine in the kitchen
Dangerous missions, wastin' your time if you want my forgiveness (forgiveness)
Sorry, not sorry, don't mind me
I'm livin' the dream, livin' the dream, yeah
Came from nothin', whoever thought that we would be
Livin' the dream? Livin' the dream, yeah
Sorry, that's another B
Haters still ain't recover from the other B
Mmm, that's a double B
Nah, that's a triple B, can't forget 'bout the other Bey (hey)
It's the white gloves for me
Hater know not to touch me, I'm with the fuckery (fuck with me)
Humbly (humbly), nah, respectfully
I'm a project baby, fuck y'all expect from me? (Technically)
'Merica's disrespect for me
You killed Christ, you created religion, unexpectedly
Circular ice on Japanese whiskey, on my mezzanine
Overlookin' the City of Angels, the angel invested in things
Unprecedented run (facts)
Everybody's gettin' bands, we just dance to different drums
I like who I've become
Intermittin' fastin', but these mil's, I'm not missin' none, sorry
Sorry, not sorry, don't mind me
I'm livin' the dream, livin' the dream, yeah
Came from nothin', whoever thought that we would be
Livin' the dream? Livin' the dream, yeah
La-la, la-la, la, la-la (oh, oh-oh, oh)
La, la, la-la (oh, oh-oh, oh)
La, la, la-la (oh, oh-oh, oh-oh)
La, la, la-la
La, la, la-la (oh, oh-oh, oh-oh)
La, la, la-la (oh, oh-oh, oh-oh)
La, la, la-la (oh, oh-oh, oh-oh, oh-oh, oh-oh, oh)"
5/8/2021,For The Night,Pop Smoke Featuring Lil Baby & DaBaby,"CashMoneyAP
Get 'em, get 'em, get 'em, oh
Oh (I'm tryna fuckin' get 'em), oh (I'm tryna fuckin' get 'em)
Oh, oh (get 'em), oh
Oh (gettin' big on this), oh, oh, oh
Oh, oh, oh, oh
Oh, oh, oh
What do you want? Won't tell you twice, yeah
I'm a thief in the night (thief in the night), oh
I did some wrongs (oh, oh), but I'm always right (oh, oh)
Said, ""I know how to shoot"" (oh), and I know how to fight
If I tell you once, won't tell you twice
I'm real discreet, like a thief in the night
Look, if I call you bae, you bae for the day
Or bae for the night, you not my wife
She want a killer to fuck all night
I wanna fuck on a thot, gimme head all night
AP, big rocks, in the hood with the 'rillas
Five K on the dinner, bring 300 thou' to the dealer
I did some wrongs (oh, oh), but I'm always right (oh, oh)
Said, ""I know how to shoot"" (oh), and I know how to fight
If I tell you once, won't tell you twice
I'm real discreet, like a thief in the night
Baby
I'm rich but I'm ridin' and I'm low on exotic
I'm 'bout to fly out and go get me some
Nothin' ain't seen, all this money on me
Hunnid racks in the bag, that's a honey bun
Baby OG, I been runnin' these streets
Got the game fully shine on my momma's son
Learn 'bout the triple cross when I was young
And I know I ain't goin' so I keep a gun
I flew to Paris just to buy some Dior
She beggin' for attention, I don't see her
C.I.P. Pop, I wish that you could see us
Million cash plus whenever I go re-up
I got some niggas in the street, wanna beat me
I got the industry tryna be me
I just go Ray Charles, they can't see me
I'm in the Rolls Royce with a RiRi
I did some wrongs (oh, oh), but I'm always right (oh, oh)
Said, ""I know how to shoot"" (oh), and I know how to fight
If I tell you once, won't tell you twice
I'm real discreet, like a thief in the night
Yeah, like a thief in the night (thief)
I pull up, give her D for the night (uh-huh)
Tryna fuck in the V, it's aight (let's fuck)
We can't fuck up my seats 'cause they white
(That's my seats, watch my motherfuckin' seats)
I'm livin' like Thriller, I only come out at the night time
She don't fuck with liquor, don't like bein' tipsy
She don't do the Henny, just white wine (what she do?)
Pop the cork on some new Pinot Grigio (yeah)
I pull up in the Porsche wit' a freaky hoe (zoom)
Park the Porsche and pull up in a Lambo' (hmph)
I hop out, Major Payne, rockin' camo (yessir)
Think she cute, make her fuck, watch her man go (she cute)
Like to shoot, light you up, bitch, I'm Rambo
Cuban link full of rocks, it's a choker (oh)
Rest in peace to the Pop, make me smoke ya
I did some wrongs (oh), but I'm always right (oh, oh)
Said, ""I know how to shoot"" (oh), and I know how to fight
If I tell you once, won't tell you twice
I'm real discreet, like a thief in the night"
5/1/2021,Diamonds Dancing,Young Thug & Gunna Featuring Travis Scott,"All these diamonds in my chains got me dancing 'round this bitch
I'm Martin Luther King, black diamonds on my wrist (run that back, Turbo)
Put Giuseppes on my kids, put Chanel Coco on my bitch
Put that four-four on the switch, then you cock, pop, pop, then dip
I've been in the trenches, the trap, to be specific
I fell in love with my bitches, then sold 'em for some riches
This money be my missus, drive me crazy, I need Ritalin
I told 'em, ""I'm so slimy, I'm so shady, I admit it, yeah""
Slatt like to shoot, slatt like to murk
Twenty-one gun salute (baow), drilling, putting in work (yeah)
Cut his tonsils out (woo), I said it'd hurt (ayy)
Keep a new four-four, yeah, let it burst
Pockets Honey Kettle, keep on pedal
Get my own cheddar, all my dogs better
Honeycomb bezel, we make opps jitter
Maison Margielas, cases get settled
Here, clean the cookie off, family, Travis, the Scotts (yeah)
Servin' the bags, I'm cookin' the stove, came in the spot and we servin' with soap
I was just spazzing, finding the flow, I'm with some Crips, down with some Locs
Hand in the pot, I'm with some Bloods, how many slatts? Leave it to us (yeah)
Yeah, countin' racks, smokin' on pot, yeah, I upgraded my thot
Yeah, I upgraded my spots, yeah, thots chickened out
Woo, yeah, the spots upgraded, now them bitches chickened out
Hey, thirty-five burnt hunnids on my pocket watch
All these diamonds in my chains got me dancing 'round this bitch
I'm Martin Luther King, black diamonds on my wrist
Put Giuseppes on my kids, put Chanel Coco on my bitch
Put that four-four on the switch, then you cock, pop, pop, then dip
I've been in the trenches, the trap, to be specific
I fell in love with my bitches, then sold 'em for some riches
This money be my missus, drive me crazy, I need Ritalin
I told 'em, ""I'm so slimy, I'm so shady, I admit it, yeah""
Only designer tints (designer tints)
I heard they plottin' on me (I heard they plottin')
These niggas thought it was sweet (sweet)
We had to put 'em to sleep (put 'em to sleep)
Counted two million this week (two million)
Couldn't take my time with the freak (let's go)
She asked for that big Birkin B (B)
Your bitch, she been tellin' the tea (tellin' the tea)
A YSL member (YSL)
Rocking SL denim (slatt, slatt)
Put a few shells in 'em (slatt)
Just a young player nigga (yeah)
She wanna suck this pickle, yeah
Might spend a couple nickels, yeah
They'll never try a nigga (try a nigga)
Shoot it up, Brian Nickels
New girls, Patrick Swayze, shady baby, loco, crazy (loco)
Southside, but not JD, pull up, AMG Mercedes (Mercedes)
CC on my lady (CC), that's Celine, that's not Cha-nay-nay (Cha-nay-nay)
Big dog with no rabies, wake up, everyday a payday (a payday, ooh)
In your city, lookin' for a move incognito
Jeffrey with me, now we gotta run it back, Turbo
She thinkin' villa, I was thinkin' two weeks on a boat (yeah)
Got bunnies with ya, my dogs are jackalopes, hop on, let's go (let's go)
Feelin' like Hugh Hefner (yeah), my hoes came together (yeah)
Not a Gina (yeah), this Martin y Coretta (dream)
At the crib, Coachella ('Chella), Cactis in the cellar (ah)
Creep out like cartelers, Cactus life forever, yeah (slatt)
Diamonds King Kong, how they beatin' on my chest (ah, King Kong)
Uh, the link so long, this shit 'bout to touch my dick (link)
Up to summer strong, and we got another stretch (team)
November come, won't you pop out at the fest? (It's lit)
Feel it on my body, it's a movie, ay, ay (yeah)
It was just one night, it felt like a sci-fi (fi)
We dodgin' the sun, only way we come alive (alive)
We've been on the run
How you do that? How you do that? Yeah (it's lit)
All these diamonds in my chains got me dancing 'round this bitch
Uh, Martin Luther King, black diamonds on my wrist
Put Giuseppes on my kid, put Chanel Coco on my bitch
Put that four-four on the switch, then you cock, cock, pop, then dip
I've been in the trenches, this trap, to be specific
I fell in love with my bitches, then sold 'em for some riches
This money be my missus, drive me crazy, I need Ritalin
I told 'em, ""I'm so slimy, I'm so shady, I admit it, yeah"""
5/1/2021,Slatty,Young Thug & Gunna Featuring Yak Gotti & Lil Duke,"(Southside on the track, yeah)
Yeah
Yeah

Slatty, slatt, slatt, slatt, slatt
Slatty, slatt, slatt, slatt, slatt
Slatty, slatty, slatty, slatt, slatt
Slatty, slatty, slatty, slatt, slatt, slatty
Hop in a Benz (What?)
Hopped out a Porsche (Skrrt)
Hop in your friend (Yeah)
After your daughter (Yee)
Slatty, slatt, slatt, slatt, slatt, slatt
Slatty, slatt, slatt, slatt, slatt, slatt
Slatty, slatt, slatt, slatt, slatt, slatt
Slatty, slatt, slatt, slatt, slatt, slatt
I'm in the gym, of course
I can't even care, whore
I'm out the scene, yeah
Knock off your boy, yeah
Keeping it clean (Woah)
Drac' with the beam
I got your team
Popping a bean, yeah

I got a bag, it ain't enough
My left wrist bling, yes, it is tough
I killed his man in front of his mama
Like fuck lil' bruh, sister and his cousin
Now I kick my shit, that ain't no punt
Like fuck my wrist, it ain't enough
Now I fuck my bitch 'til it ain't nothing
I shoot out, blank, still ain't cuffin' up
Proud of my money
Kill 'em, not leaving a trace, yeah
Kill 'em, not leaving a trace (Brrt)
I'm 'bout to cut off the K, yeah
Black diamonds, Martin Luther King (Black)
I had to break in the safe, yeah
And I didn't leave 'em a trace (Yeah)
I had to break in that safe, yeah (Yeah)
Coppin' lil' mama the Range (Yeah)
Hop in the Jag, I just been doing the dash, woah
Today my Margiela was big, I look like a dad, woah (I look like a dad, woah)
She got gator on her purse, it look like a rash, woah (Look like a motherfuckin' rash)
Three hundred K out in Turks and I'm still in my bag, woah (Still in my bag)

Slatty, slatt, slatt, slatt, slatt
Slatty, slatt, slatt, slatt, slatt (Yeah, yeah, woo)
Slatty, slatty, slatty, slatt, slatt
Slatty, slatty, slatty, slatt, slatt, slatty
Hop in a Benz (What?)
Hopped out a Porsche (Skrrt)
Hop in your friend (Yeah)
After your daughter (Yee)
Slatty, slatt, slatt, slatt, slatt, slatt
Slatty, slatt, slatt, slatt, slatt, slatt
Slatty, slatt, slatt, slatt, slatt, slatt
Slatty, slatt, slatt, slatt, slatt, slatt
I'm in the gym, of course
I can't even care, whore
I'm out the scene, yeah
Knock off your boy, yeah
Keeping it clean (ManiYak get 'em)
Drac' with the beam (ManiYak get 'em)
I got your team (ManiYak get 'em)
Popping a bean, yeah (Yak, Yak, Yak, Yak)

Dissect your body like science class, nigga
Give you my word, then I gotta deliver (I gotta)
Bet they gon' know when the slime in the building
Hot as a iron, I mean, hot like the skillet
Creeping up, crawling, know I was just skipping
Gangster 'cause you got a body, lil' nigga
Magazine clips, so you might get your issue
You think you gangster cause' you got a pistol? (For real?)
Bye-bye, Felicia
Look for your body, so they gotta eat it (Okay)
I am Yak Gotti, but I'm not a vegan (Hell nah, nigga)
Flathead the pull up, the Honda, the Civic (Skrrt)
Running from twelve, then I jumped the defenses
Blood on my bottom, like Roddy Richie
Look at my trigger, my trigger start itching
Ride with that chick, she say point blank and period (Point blank and period)
When I aim at you, it's point blank, no missing (Point blank, no missing)
Lay in your grass and come out of your bushes (Let's go)
Pick up that trip and I bet I'll start tripping
Bet I'll start tripping like I get a rush
My slime, he a crip, keep that stick like a crutch

Slatty, slatt, slatt, slatt, slatt (Gotti)
Slatty, slatt, slatt, slatt, slatt (Yeah, yeah, Yak, Yak)
Slatty, slatty, slatty, slatt, slatt
Slatty, slatty, slatty, slatt, slatt, slatty
Hop in a Benz (What?)
Hopped out a Porsche (Skrrt)
Hop in your friend (Yeah)
After your daughter (Yee)
Slatty, slatt, slatt, slatt, slatt, slatt
Slatty, slatt, slatt, slatt, slatt, slatt
Slatty, slatt, slatt, slatt, slatt, slatt
Slatty, slatt, slatt, slatt, slatt, slatt

We can't relate
We from the hood, I was renegade (Renegade)
Stepped in the spot, had fish parquet (Yeah)
Can't be a slime, he got bitch boy trait
She wanted to fuck, but I left L.A. (L.A.)
My savage, I bought him a new AK
My birthday, I ran up that STK
We smoke out the good and don't care what they say (Care what they say, slatt)
Baguettie wrist
I done got rich off of politics (Politics)
Canary yellow, I gotta piss (Uh)
Rich nigga brunch, I had fish and grits
Want nothing back, I don't penny pinch
Told her, ""I'm pissed, come massage this dick""
I paid the high for that Glock with the switch (Glock with the switch)
Guaranteed me, if I pop, it won't miss (Pop, it won't miss)

I shot at your mans
None of that shit wasn't planned
I fucked this bitch and her friend, both of them bitches done came on my pants
Louis V dripping, lil' niggas, ain't none of my niggas ain't rocking no Vans
He mad at me 'cause his bitch is a fan, do what I want and he do what he can
I put that bitch in the figure-four, too many vibes, so it's hard to pick a ho
Came from the bottom, I used to be broke, I was trapping, and I used to trap out the liquor store
I bet it all on the tin and foil
Drop off the pack, that's a give and go
Now when I rap on the track, it's a ten or more
I'm in the club with a Glock, it's extended
Tint is so dark, they can't see who is in it
Niggas ain't cashing out, these niggas rented
YSL, we going overboard
Plugged everywhere like extension cord

Slatty, slatt, slatt, slatt, slatt (Yeah, yeah, woo)
Slatty, slatt, slatt, slatt, slatt
Slatty, slatty, slatty, slatt, slatt
Slatty, slatty, slatty, slatt, slatt, slatty
Hop in a Benz (What?)
Hopped out a Porsche (Skrrt)
Hop in your friend (Yeah)
After your daughter (Yee)
Slatty, slatt, slatt, slatt, slatt, slatt
Slatty, slatt, slatt, slatt, slatt, slatt
Slatty, slatt, slatt, slatt, slatt, slatt
Slatty, slatt, slatt, slatt, slatt, slatt
I'm in the gym, of course
I can't even care, whore
I'm out the scene, yeah
Knock off your boy, yeah
Keeping it clean (Woah)
Drac' with the beam
I got your team
Popping a bean"
1/9/2021,Go2DaMoon,Playboi Carti Featuring Kanye West,"Do it
Watch it
Do it how I
Watch it
She ugly hot
Like a chick that call you to borrow
Five hunnid, then promise she gon' pay you back tomorrow
Then left with a scammer with a Gucci hat from Marshall's
Slept with him, then woke up, saw his watch was a Fossil
Everybody wear a costume, spray a little extra perfume
YEEZYS in the stock room, that's the name, make the stock boom
Hit the club with at least ten, you in a 500, that's a cheap Benz
I promise Playboi we get the tape out 'fore the weekend
It's over, too famous to sneak in
Wolverine in a sheep skin, I be goin' off the deep end
We here for a reason, boy, we got more to do
You text just like, ""Yo, "" I'm like, ""Yo, I been avoidin' you""
Ye, Jesus gang, you correct
You always askin' for Buddha, you a Budapest (ayy)
If they don't play this, call the DJ
This verse just shut down the freeway
Born in the A, you can't impeach Ye
The case so brief, don't bring your briefcase
What?
What?
What?
What?
What? (yeah)
What?
What?
Go, go to the moon (Carti)
Go to the moon (what?)
Go to the moon (go)
Shawty tell me, what's up? (Yeah, slatt)
Got some drank in my cup (yeah, yeah)
Got my opp in my blunt (yeah, yeah)
Niggas try to keep up (yeah, yeah)
In the car with my son (yeah)
Get killed by a punk (what? Bih)
I got a redhead (bih)
My vibe is tough (okay)
I done been through a lot (okay)
I done seen some stuff (Carti)
Everything dope
Shoutout to the bluff (what?)"
12/5/2020,Franchise,Travis Scott Featuring Young Thug & M.I.A.,"Yeah
Yeah-yeah, yeah
Mmm-hmm, mmm-hmm
Mmm-hmm, mmm-hmm

Yup, in my white tee
Yeah, call up Hype Williams for the hype, please
Uh, they gon' wipe you before you wipe me
On boxes of checks, not my Nikes (Yeah)

Cacti, not no iced tea (Hah)
Uh, got 'em bamboozled like I'm Spike Lee (Ah)
Uh, you need more than Google just to find me (Ah)
Uh, I just call her ""bae"" to get her hyphy (Ah, ooh)
{Incredible, icki-icki, in general}
I just start the label just to sign me (Woo, woo, ooh)
Uh, me and CHASE connected like we Siamese
(Woo, woo, woo, ooh, ooh, oooh)
Uh, we've been on the run, feel like a crime spree, talk to me nicely (Yeah)
I seen his face, seen it *Ayy*, yup, on his white tee, uh (Let's go)

Yeah, yup, call the Sprite people (Call 'em, hol' on, brrt)
Private flight to France, tryna sight-see (On private flights, brrat)
Popped 'em in his hands, he was typin' (Da, da, da)
Caterpillar 'Rari, I fold it, lift it up (Up)
I went on the stand, told the judge to pass my cup (Ayy)
Ran up twenty million, told the Devil, ""Keep the luck"" (Luck)
Keep that, keep that ho (Uh) R.I.P. Pop, keep the smoke (Ayy, slatt)
Talk to me nicely (Talk to me nicely)
Keep her on a chain, that ain't like me (That ain't like me)
Scotts with no strings, you can't tie me (Scotts with the, hol' on, bitch)
I'm higher than the plane, I'm where the Skypes be (Doo, doo, doo, doo, hee)
Yeah, yep, in my slime tee (Doo, doo, doo, hee)
Princey in his prime, yee (Doo, doo, doo, doo, doo, hee)
Yellowbone too feisty, yee (Doo, doo, doo, doo, doo, hee)
Clean him up, no napkin, yee (Doo)

Yup, in my white tee (Yeah)
Yeah, call up Hype Williams for the hype, please (It's lit)
Uh, they gon' wipe you before you wipe me (Phew)
On boxes of checks, not my Nikes (Ooh) {Yeah}

'Scuse me, zi-zi-zi-zi-zi-zi-zi-zi, don't be missin' man
Mississippi, dip a sippy, make 'em happy, make 'em copy
Make 'em get me Chippi Chippi (Yeah)

There's a lot I'm gon' spend
Tell me when, I beam you to pull up, you gon' shootout while I spin

Trippin' like I'm trigger happy; saltfish, ackee, ackee
Golf buggy, Kawasaki; catch a fish: sushi, maki, livin' life
London city, left the town (Ah)
Thug and Travis be the fam

Yup, yeah, you know that {Slatt}
And when they free us out, it's gonna be a film, a Kodak (Yeah)
Shoot me pourin' right above the rim like Pollack
I've been rippin' and runnin', not slippin' or slidin', athletic tendencies
I've been up since, cheffin' it, whippin' it to the base rock, I provide the remedy (Let's go)
When we open gates up at Utopia (It's lit), it's like Zootopia
You see the crosses over ya (Yeah), that's how you know it's us
At 4 A.M. I'm phonin' ya', not for no shoulder rub
Them JACKBOYS open cleaners up, the way they fold and tuck

Yup, in my white tee (Yeah)
Yeah, call up Hype Williams for the hype, please
Yeah, they gon' wipe you before you wipe me
Yeah, on boxes of checks, not my-, checks, not my

(Maya!) I be where the fuck the light be
Bangers in the system, it's
Bangers in the system, it's
Ancient Anunnaki
Bangers in the system, it's that
Bangers in the system, it's that
M.I.A"
11/28/2020,The Woo,Pop Smoke Featuring 50 Cent & Roddy Ricch,"She want a Woo nigga

She wanna fuck with the Woo
She wanna fuck with the Woo
She wanna fuck with the Woo
She wanna ride with the Woo
Yeah, yeah, yeah, yeah

I told her, ""Ooh-woo-woo""
Shawty wanna fuck me inside of the coupe
I can take you out everywhere, fuck a jet fare
Versace hotel with Versace robe, woah, woah
Like you when you let down your hair with no comb
And I stay to myself 'cause I never liked these hoes (Yeah)
And she only liked the guap, red light these hoes
Why would I waste my time on a shorty that don't got me on the front of her mind?
Especially when you get designer and I wine and dine
And the Bentley came with the wings like a number nine, yeah
Come through, just us two
I like you 'cause you cut how I'm cut too
Come through, just us two
I like you 'cause you cut how I'm cut too
She wanna fuck with the Woo (Ayy, she wanna fuck with the Woo, Woo)
She wanna fuck with the Woo
She wanna fuck with the Woo
She wanna ride with the Woo
Yeah, yeah, yeah, yeah

That's my kind of bitch, she be sayin' some shit
Like, ""When you gon' fly me in private, so I can land on that dick?""
She said, ""Tricks is for kids"", she don't fall for the tricks
She can handle her own, she just want some dick
Got that big Birkin bag worth five, six figures
You might be out your league, can you buy that, nigga? (Buy that)
I pull up on her top gone on the Dawn, I'm the don
You can fuck around, if you want, if you want
Out in Bali, big swing, big dress
Big ass, make her squirt and make a big mess
Before we done, she ask ""Where we gon' do it next?""
Next, so wet it fucked up the seats in the jet
She like all that gangsta shit
Top down, ridin' 'round with the blick
Who you with? Woo
She like all that gangsta shit
I said, ""She like all that gangsta shit""
She wanna fuck with the Woo
She wanna fuck with the Woo
She wanna fuck with the Woo
She wanna ride with the Woo (Hahaha)

Let me take you to the candy shop (Candy shop)
Show you all I got (All I got, all I got)
I put diamonds on your chain (Chain, uh)
To match your diamond ring (Uh, uh, uh)
I'm 092, nigga, Woo (Woo, back)
Hate it or love it (Uh, uh), it's me and you (Woo)
Let's turn nothin' into something
She said she love Woo niggas (Woo, uh)
Them niggas who gon' pull triggers (Grrt, oh)
I was fine when I met you (Met you, pow)
Then I sexed you (Woo)
Then I left you (Uh)
'Cause your pussy feel the same (Feel the same, feel the same)
And I don't got time to waste (No time to waste)

She wanna fuck with the Woo
She wanna fuck with the Woo
She wanna fuck with the Woo
She wanna ride with the Woo
Yeah, yeah, yeah, yeah"
6/13/2020,Godzilla,Eminem Featuring Juice WRLD,"I can swallow a bottle of alcohol and I'll feel like Godzilla
Better hit the deck like the card dealer
My whole squad's in here, walking around the party
A cross between a zombie apocalypse and big Bobby ""The
Brain"" Heenan which is probably the
Same reason I wrestle with mania
Shady's in this bitch, I'm posse'd up
Consider it to cross me a costly mistake
If they sleepin' on me, the hoes better get insomnia
Adhd, Hydroxycut
Pass the Courvoisi' (ayy, ayy)
In AA with an AK, melee, finna set it like a playdate
Better vacate, retreat like a vacay, mayday (ayy)
This beat is cray-cray, Ray J, H-A-H-A-H-A
Laughing all the way to the bank, I spray flames
They cannot tame or placate the
Monster (ayy)
You get in my way, I'ma feed you to the monster (yeah)
I'm normal during the day, but at night, turn to a monster (yeah)
When the moon shines like Ice Road Truckers
I look like a villain outta those blockbusters
Godzilla, fire spitter, monster
Blood on the dance floor, and on the Louis V carpet
Fire, Godzilla, fire, monster
Blood on the dance floor, and on the Louis V carpet
I'm just a product of Slick Rick and Onyx, told 'em, ""Lick the balls""
Had 'em just appalled at so many things that pissed 'em off
It's impossible to list 'em all
And in the midst of all this
I'm in a mental hospital with a crystal ball
Tryna see, will I still be like this tomorrow?
Risperdal, voices whisper
My fist is balled back up against the wall, pencil drawn
This is just the song to go ballistic on
You just pulled a pistol on the guy with the missile launcher
I'm just a Loch Ness, the mythological
Quick to tell a bitch screw off like a fifth of Vodka
When you twist the top of the bottle, I'm a
Monster (ayy)
You get in my way, I'ma feed you to the monster (yeah)
I'm normal during the day, but at night, turn to a monster (yeah)
When the moon shines like Ice Road Truckers
I look like a villain outta those blockbusters
Godzilla, fire spitter, monster
Blood on the dance floor, and on the Louis V carpet
Fire, Godzilla, fire, monster
Blood on the dance floor, and on the Louis V carpet
If you never gave a damn, raise your hand
'Cause I'm about to set trip, vacation plans
I'm on point like my index is, so all you will ever get is
The motherfuckin' finger (finger), prostate exam ('xam)
How can I have all these fans and perspire?
Like a liar's pants, I'm on fire
And I got no plans to retire and I'm still the man you admire
These chicks are spazzin' out, I only get more handsome and flier
I got 'em passin' out like what you do when you hand someone flyers
And what goes around comes around just like the blades on a chainsaw
'Cause I caught the flap of my dollar stack right off the bat like a baseball
Like Kid Ink, bitch, I got them racks with so much ease that they call me Diddy
'Cause I make bands and I call getting cheese a cakewalk (cheesecake) yeah
Bitch, I'm a player, I'm too motherfuckin' stingy for Cher
Won't even lend you an ear, ain't even pretending to care
But I tell a bitch I'll marry her if she'll bury her
Face on my genital area, the original Richard Ramirez
Christian Rivera, 'cause my lyrics never sit well
So they wanna give me the chair
Like a paraplegic, and it's scary, call it Harry Caray
'Cause every Tom and Dick and Harry carry a Merriam motherfuckin' dictionary
On 'em swearing up and down, they can't spit, this shit's hilarious
It's time to put these bitches in the obituary column
We wouldn't see eye to eye with a staring problem
Get the shaft like a steering column (monster)
Trigger happy, pack heat, but it's black ink
Evil half of the Bad Meets Evil
That means take a back seat
Take it back to Fat Petes with a maxi, single
Look at my rap sheet, what attracts these people
Is my gangster, bitch, like Apache with a catchy jingle
I stack chips, you barely got a half-eaten Cheeto
Fill 'em with the venom and eliminate 'em
Other words, I Minute Maid 'em
I don't wanna hurt 'em, but I did 'em in a fit of rage
I'm murderin' again, nobody will evade him
Finna kill 'em and dump all the fuckin' bodies in the lake
Obliterating everything, incinerate and renegade 'em
And I make anybody who want it with the pen afraid
But don't nobody want it, but they're gonna get it anyway
'Cause I'm beginnin' to feel like I'm mentally ill
I'm Atilla, kill or be killed, I'm a killer bee, the vanilla gorilla
You're bringin' the killer within me out of me
You don't want to be the enemy of the demon who went in me
Or being the recievin' end of me, what stupidity it'd be
Every bit of me is the epitome of a spitter
When I'm in the vicinity, motherfucker, you better duck
Or you finna be dead the minute you run into me
A hunnid percent of you is a fifth of a percent of me
I'm 'bout to fuckin' finish you bitch, I'm unfadable
You wanna battle, I'm available, I'm blowin' up like an inflatable
I'm undebatable, I'm unavoidable, I'm unevadable
I'm on the toilet bowl, I got a trailer full of money and I'm paid in full
I'm not afraid to pull the
Man, stop
Look what I'm plannin', haha"
5/30/2020,Pain 1993,Drake Featuring Playboi Carti,"Yo, Pi'erre, yo, Pi'erre
Ayy, ayy
Niggas ain't gotta respect
Niggas just gotta accept
I put that top left
I love my crodie to death (Codeine)
Hype Williams, Lil' X
If you don't say it direct
Could give a fuck, ayy, yeah, yeah
I put some ice on her hand
I let her take an advance
Shit wasn't goin' as planned
I put that shit in the van
She gotta move with her friend
Heard she went back to her man
Give a fuck, ayy
I just put a Wagen in the driveway, you know I did
When I shoot my shot it's the Kawhi way, it's goin' in
Me and lil' Sicko sittin' sideways, breakin' tens
Used to be an antisocial nigga, now I'm makin' friends
I just got a mansion out in Turks and it's a beachfront (okay)
If she's bringin' four friends I know I'll hit at least one
Got 'em all tannin' by the pool and they greased up
Police in my city, man, I keep they pockets greased up (okay)
Me and Capo tryna leave our mark and peace the East up
Ain't nobody makin' too much money off the beef stuff (okay)
But I beef a rapper 'cause I'm never with the sweet stuff
Shawty came from Mexico she know she got the sweet stuff
Ayy
Niggas ain't gotta respect
Niggas just gotta accept ('cept)
I put that top left (ayy)
I love my crodie to death (Codeine)
Hype Williams, Lil' X (beep)
If you don't say it direct (beep)
Could give a fuck, ayy, yeah, yeah
Racks all in my jeans and they Raf Simons (racks in my jeans, okay)
Diamonds all in my teeth, I called up the dentist, yeah (okay)
Got a Goyard bag, I threw them racks in it (my racks, yeah)
Every time I'm home, you know I whip the Bentley (yeah, yeah, yeah)
I just threw these pills in my cup yeah, yeah (just threw these pills, uh)
Shawty just pulled up just to get fucked (shawty just pulled up)
But I only want top, yeah, for sure (only want top)
And I know I'm on top, but I want more (okay)
Remember I used to sleep on the floor (with my, oh yeah)
Now every day I rock Christian Dior (okay, Yohji)
Now every day I gotta pour me a four (lean, lean, lean, lean)
Now every day I gotta pour me a four (lean, lean, lean, lean, okay)
I spent a hundred K last night in New York (yeah, yeah)
I spent a hundred K the next day, I was bored (okay, okay, yeah)
That Lam' truck got numbers on the board (okay, get it)
Yeah, she keep textin' my phone, I'ma ignore (yeah, yeah, yeah, yeah)
Yeah (oh, yeah, yeah, yeah)
Ayy (yeah)
Niggas ain't gotta respect
Niggas just gotta accept
I put that top left
I love my crodie to death (Codeine)
Hype Williams, Lil' X
If you don't say it direct
Could give a fuck, ayy, yeah, yeah"
3/28/2020,Wassup,Lil Uzi Vert Featuring Future,"What's, what's, what's up?
Play that trumpet for the real niggas (what's up?)
What's up?
Play that trumpet for the real niggas
Let's do it
Let's, let's do it
What's up? (Yeah)
What's up? (Woo)
What's up?
What's up?
What's up?
What's up?
What's up?
What's up?
Uh, I'ma make sure they remember me
'Cause I walk around with lot of enemies (whoa)
I'ma make sure that they feelin' me
So I walk around with a new lemon squeeze (whoa)
Everybody know I am from outer space
So you know that aliens be sendin' me (whoa)
Yes, I walk around, pocket got bank account
If you wanna catch up, need like ten of me
No, statistically, I can't win every time
But you know the score prolly like ten to three
And them three times that I had to take an L
I remember them boys tried to finish me
Said we roll a 'Wood, I roll like fifty L's
They say, ""How you keep all of that energy?""
'Cause I can't go back to the hood where them niggas could send at me
I remember livin' right next to my enemy (whoa)
Now I got too much money, I could blow up your whole facility (yeah, yeah)
Gettin' too much money, I can build me a new facility (Lil Uzi Vert, yeah, yeah)
I fuck her three times, so I call that girl, um, a trinity (whoa, whoa)
Uh, and no time, I would never ever let 'em sentence me (whoa, at all)
And in no time, gotta duck off 'cause these niggas would love killin' me (yeah)
What's up? (What's up?)
Don't deal with the lies and the frauds (no)
That's why I don't get involved
What's up? (Woo)
What's up? (Yeah)
What's up?
What's up? (Yeah)
What's up?
What's up? (Ayy)
What's up?
What's up?
Uh, I'ma make sure they remember me
'Cause I walk around with lot of enemies (whoa)
I'ma make sure that they feelin' me
So I walk around with a new lemon squeeze (whoa)
Everybody know I am from outer space
So you know that aliens be sendin' me (whoa)
Yes, I walk around, pocket got bank account
If you wanna catch up, need like ten of me
Everybody know I come from outer space
I got racks on me, you do not wanna race
I got enemies so niggas gonna hate
Keep that semi on me, get you out my way
Hit a new mistress every day
Had the new bitch get on the K
Had that lemon squeeze for the trigger play
Got some red talk shit on the way
I got Koreans, F&Ns
Rose gold diamonds same color Hen'
Cops tryna arrest me, I'm gone in the wind
You cannot catch me or none of my friends
You know that Richard Mille cost me a Benz
You know we get it poppin' on my end
You see this blue face Richard Mille
See the way these diamonds sittin' off the lens
You know we comin' in number one
You know we gon' kill the whole summer too
You know I'm blowin' up like an atomic bomb
You know it ain't nothin' to do
And I'm steppin', I'm steppin' in one-of-ones
Margielas got me walkin' on the moon
All this money got me like I'm on shrooms
Drankin' yellow, feelin' like a tycoon
What's up?
What's up? (Woo)
What's up? (Ayy)
What's up?
What's up? (Yeah)
What's up? (Yeah)
What's up?
What's up?
Uh, I'ma make sure they remember me
'Cause I walk around with lot of enemies (whoa)
I'ma make sure that they feelin' me
So I walk around with a new lemon squeeze (whoa)
Everybody know I am from outer space
So you know that aliens be sendin' me (whoa)
Yes, I walk around, pocket got bank account
If you wanna catch up, need like ten of me"
2/8/2020,Unaccommodating,Eminem Featuring Young M.A,"Oh, this what we doin'? Alright (M.A.)
I like a bitch that like to wobble, wobble
Shake it, shake it, break it, break it
Nigga, we made it, made it, they hate it, hate it
Pro professional, pure persistent, I'm paper chasing
I hate complaining, I hated waiting, I'll pay for patience
But I hate to pay a bill (hate that)
And I made a mil' without a major deal (I made that)
Yeah, her ass fake, but she came for real (she came, uh)
Money ain't a thing, that ain't a thing for real
That's the broke lingo (huh)
And no, ain't nothing Saweetie, this is no Quavo (Migo)
Man, I just get high, let my hoes lay low (ooh)
I just want some face but this is no facial (ooh)
Do right and kill er'body, Drake mode (hello)
Bitch, I'm tryna eat out, take your plate mode (hello)
Disrespect your life and I'm in gang mode (grrr)
You can leave this earth, bitch, I'm in rake mode (huh)
I'm in cake mode (huh), I'm in brave mode, uh
What up Marshall? I'm a martian, I'm in Wayne mode (facts)
Neck wet, big drip, I'm in rain mode (drip, drip, drip)
Eight niggas, eight hittas, take eight souls (brrr)
Collect pesos (huh), and I'm paid, so? (Paid)
Self-made goals (hey)
When the pain leaves (huh)
Where does the pain go? (Where?)
Tip of the Backwood is where the flame goes (there)
To the sky is where my brain goes (wow)
Same pack, same fiend, sellin' the same clothes (wow)
Pinocchio and my pistol, they got the same nose
Me and my niggas gotta eat, we share the same stove (what?)
Case closed, bodies in my lane, bitch, lane closed
Game over, Thanos on you H-Os
On my petty shit but I don't paint toes (yeah)
Get the plunger (plunger) 'cause Marshall and M.A go plum crazy
Call us liquid plumber, 'cause even Dre know (Dre know)
Beat knocks like a beefed up Detox
You're gonna need three SWATs
Or police officers at least to pull me off of it
And I don't stop
Please dawg, I need y'all to keep talking shit
'Cause I feed off of it
I am the complete opposite of these retards
Who spit these weak bars, I'ma leave carnage
Each thought'll be so toxic
It'll block the wind through your esophagus
Stop it, cutting off your oxygen
And I hit them pads like a boxing gym
Better watch for Slim
Better get to popping and when I'm at the top again
I won't topple and I'm giving it to anyone
Who wanna come and get it and I'm not gonna stop
But when they ask me
Is the war finished with MGK? Of course it is
I cleansed him of his mortal sins
I'm God and the Lord forgives
Even the devil worshippers
I'm moving on but you know your scruples are gone
When you're born with Lucifer's horns
And you're from the school of Notorious, Puba, Cube
And The Poor Righteous Teachers tutored my students
Showed them all the blueprint and formula
But it seems like the more they studied my music
The more they remind me of eyeballs
I'm watching my pupils get cornier (uh)
But I'm contemplating yelling, ""bombs away, "" on the game
Like I'm outside of an Ariana Grande concert waiting
Here comes Saddam Hussein, Ayatollah Khomeini
Where's Osama been? I been laden lately
Look at how I'm behaving, they want me gone away
They wanna JonBenet me (fuck you), I'm unaccommodating
Man, I don't see why they hate me
I'm a clown like John Wayne Gacy
They call me Kanye crazy
""APESHIT, "" Beyonce, Jay-Z
And I'm back with Andre, baby
And the doctor's operating
But he never put no scrubs on from Snoop, K.Dot to Shady
Shady like a shadow or your silhouette, intellect
I better check to see why you feel upset
'Cause I met your bitch on the internet
Now I'm getting head like a Pillow Pet
That bimbo Kim put her lips
All the way around this bone and then blow
Like a dusty cartridge from an old Nintendo
Those were the days but I bet you
I'm never gonna be broke again, no
I don't smoke but I got paper, to be blunt, I'm rolling Indo
And I keep it one comma, zero, zero, zero, zero
Real, real, real, murder, murder, murder, kill, kill, kill
Nickel-plated, twenty two, two, two
Bitch, shut the fuck up 'fore I shoot you too
Ain't shit I won't do just to get a few YouTube views
Run up in a church like pew, pew, pew
'Cause that's what I do, do, do
But, even to the untrained human eye
We ain't the same, you and I
Somebody should have explained to you why
For you to go against me, it's simply insane, you will die (yeah)
That's why they call me Kamikaze, it's plain suicide, yeah
But I know magic and here go my last trick
I'm 'bout to say ""Abracadabra"" and pull a B Rabbit up out of my hat
I'm about to relapse and I betcha that you won't know how to react
But a look of disgust, I don't doubt it'd be that
As I begin to fuckin' devour the track
And you backpedal that as a cowardly act
Like a Saudi attack when the towers collapse
Here comes Saddam Hussein, Ayatollah Khomeini
Where's Osama been? I been laden lately
Look at how I'm behaving, they want me gone away
They wanna JonBenet me (fuck you), I'm unaccommodating"
12/21/2019,Bad Vibes Forever,XXXTENTACION Featuring PnB Rock & Trippie Redd,"Ooh-ooh-ooh, got you grindin' all on that
Ridin' on that thang, make a young nigga eyes roll in my brain
What we gon' do-ooh-ooh? I can barely keep control
Catch the vibe with me, get the feel with me, vibe with me
Ooh-ooh-ooh, got you grindin' all on that
Ridin' on that thang, make a young nigga eyes roll in my brain
What we gon' do-ooh-ooh? I can barely keep control
Catch the vibe with me, get the feel with me, vibe with me
I said, ""Hey, put your pride right to the side""
I can waste your time
Or I can change your life, I said now
""Oh, shawty, where you goin'?
I just need one moment
So baby, keep your focus""
I said, ""Stay, stay, babe
Stay, stay with me
Stay, stay, babe
Please don't run away
Please don't stray away""
Ooh-ooh-ooh, got you grindin' all on that
Ridin' on that thang, make a young nigga eyes roll in my brain
What we gon' do-ooh-ooh? I can barely keep control
Catch the vibe with me, get the feel with me, vibe with me (oh yeah)
Ooh-ooh-ooh (yeah), I can barely keep control (control)
When you're grindin' all on me, bitin' all on me
Girl, you take my soul, yeah (yeah)
Ooh-ooh-ooh, you look like the girl of my dreams (dreams)
My heart is on lock and the key (key)
It's right in your pocket, you see
All sex, no stress (stress)
I ain't tryna hold you back (back)
Ice on, who bought you that? (Ice)
Don't want you to go out sad (sad)
Girl, you know I'm fallin' for you (yeah)
And girl, you know I'm all in for you (yeah)
And I'm in love with you-ooh-ooh, everything you do-ooh-ooh
Ooh-ooh-ooh, got you grindin' all on that
Ridin' on that thang, make a young nigga eyes roll in my brain
What we gon' do-ooh-ooh? I can barely keep control
Catch the vibe with me, get the feel with me, vibe with me"
11/17/2018,Overdue,Metro Boomin Featuring Travis Scott,"Overtime and overdue (due)
Ain't no sleep, that is old news (old news)
Been outside, that's with the crew (yeah)
Made my night up on the move (on the move)
In the morning, get the news (check the news)
She come home, I heard the zoom (skrt, skrt)
I step outside I need my piece (piece)
Take one down to hit my peak (yeah, yeah yeah)
I feel I overuse myself, I overuse myself
I feel, I mean I overdid myself, I overdid myself
I feel, I mean I overuse my nights, I overdid my nights
I overdid my nights
Yeah
Hit the lights and hit a right (lights)
Took everything, ain't nothing left (ain't left)
Count your blessings, count your steps (straight up)
At your throat like we that strep
It's way too cold under this flesh (yeah)
All week we ball but we don't mesh (ball)
All week we drink, leave us a mess (drinking)
Down on my drugs, it is old news (yeah)
I'm with Lil Harold (21), been with Nudy (whoa)
Them the ones, you see me when they all leave
The Glock on tip though (God), lit when we Chevy (21)
They already know it's not too many
About the clique though (yeah), this shit been busy
Chasin' after paper, come and get me (me)
Like I'm sick though, sippin' plenty (sip)
We been outside, going in (21)"
6/9/2018,A$AP Forever,A$AP Rocky Featuring Moby,"Gang! Gang! Gang!
They talkin' down on my name, don't let 'em run off with the name
Man I just run with the gang, A$AP boys came with the flame
Gang! Gang! They talkin' down on the gang
They wanna rep with the name, but this ain't no regular name
Gang! Gang! They tryna run with the name
I might pull up with 3K but I do not fuck with no Klans

Gang! Gang! Them boys not flexin' the same
I'm done with adjustin' to fame, pull up on your set, leave a stain
Gang! Gang! I tell her come fuck with the gang
I tell 'em don't fuck with the gang
It's time to fuck up the whole game!

Come fuck with the Mob, shout out to the Lords and the Gods
In love with my bitch 'cause she bi
My ice like the stars, I tell that bitch, ""Cover your eyes
Cause fuckin' with me, you go blind""
She losin' her mind, we kiss to Frank Ocean and Blonde
Convincin' my bitch to go blonde
Was born in the dark, I kill you, you open my blinds
On Yams and that's word to my moms
Margiela Madman with cases I'm still tryna beat
A bunch of shit from a long time ago
The bigger they are, the harder they fall
Like dominos, nigga, Geronimos
When it's my time to go, adis, vmonos
Flacko no Dominicano, but eat the tostones with pltanos
Dealing with life and its highs and lows
I'm just pimpin' like I'm supposed
I guess it's called livin', shit, I suppose
I'm on my live alone, die VLONE
Ain't talkin' 'bout spending or buyin' clothes
I'm 'bout my business but I'm alone
I still had the vision when I was broke
Fuckin' on bitches and foreign hoes
Flyin' out womens to boring shows
I pray to God I don't overdose

I put A$AP on my tat
I put New York on the map
I put the gang on the flames
They gon' remember the name
They robbin' boys for the chains
I got Goyard by the sack
I got the boof by the pack
I fucked your boo on her back

Gang! Gang! Them boys not flexing the same
I'm done with adjusting to fame, pull up on your set, leave a stain
Gang! Gang! I tell her come fuck with the gang
I tell 'em don't fuck with the gang
It's time to fuck up the whole game! (Game, game, game, game)

Gang, gang
They tryna front on the gang, they gon' remember my name
True to truth somehow (Gang, gang)
But never truly lied at all, then and now
They tryna front on the gang
Truth somehow
Gang, A$AP boys come with the flame
But never truly lied at all, then and now
True to truth somehow
But never truly lied at all, then and now

True to truth somehow
But never truly lied at all, then and now
True to truth somehow
But never truly lied at all, then and now
True to truth somehow
But never truly lied at all, then and now
True to truth somehow
But never truly lied at all, then and now
In my dreams, I'm dying all the time
True to truth somehow
But never truly lied at all
Then I wake, it's kaleidoscopic mind
But never truly lied at all
But never truly lied at all, then and now
I never meant to hurt you (Then and now)
I never meant to lie"