song,artist,popularity
Stay,The Kid LAROI & Justin Bieber,-1.0
Industry Baby,Lil Nas X & Jack Harlow,-1.0
Way 2 Sexy,Drake Featuring Future & Young Thug,-1.0
Essence,Wizkid Featuring Justin Bieber & Tems,-1.0
Kiss Me More,Doja Cat Featuring SZA,-1.0
You Right,Doja Cat & The Weeknd,-1.0
Save Your Tears,The Weeknd & Ariana Grande,-1.0
If I Didn't Love You,Jason Aldean & Carrie Underwood,-1.0
My Universe,Coldplay x BTS,-1.0
Girls Want Girls,Drake Featuring Lil Baby,-1.0
Let's Go Brandon,Bryson Gray Featuring Tyson James & Chandler Crump,-1.0
Buy Dirt,Jordan Davis Featuring Luke Bryan,-1.0
Leave The Door Open,Silk Sonic (Bruno Mars & Anderson .Paak),-1.0
Thinking 'Bout You,Dustin Lynch Featuring Lauren Alaina Or MacKenzie Porter,-1.0
Wild Side,Normani Featuring Cardi B,-1.0
Family Ties,Baby Keem & Kendrick Lamar,-1.0
Fair Trade,Drake Featuring Travis Scott,-1.0
Chosen,Blxst & Tyga Featuring Ty Dolla $ign,-1.0
Baddest,"Yung Bleu, Chris Brown & 2 Chainz",-1.0
Cold Beer Calling My Name,Jameson Rodgers Featuring Luke Combs,-1.0
Switches & Dracs,Moneybagg Yo Featuring Lil Durk & EST Gee,-1.0
Jugaste y Sufri,Eslabon Armado Featuring DannyLux,-1.0
Volvi,Aventura x Bad Bunny,-1.0
Whole Lotta Money,BIA Featuring Nicki Minaj,-1.0
Maybach,42 Dugg Featuring Future,-1.0
Poke It Out,Wale Featuring J. Cole,-1.0
Freedom Was A Highway,Jimmie Allen & Brad Paisley,-1.0
Half Of My Hometown,Kelsea Ballerini Featuring Kenny Chesney,-1.0
"Ya Superame (En Vivo Desde Culiacan, Sinaloa)",Grupo Firme,-1.0
In The Bible,Drake Featuring Lil Durk & Giveon,-1.0
Ain't Shit,Doja Cat,-1.0
Come Through,H.E.R. Featuring Chris Brown,-1.0
Leave Before You Love Me,Marshmello X Jonas Brothers,-1.0
Rich N***a Shit,Young Thug With Juice WRLD,-1.0
Let Somebody Go,Coldplay X Selena Gomez,-1.0
Woo Baby,Pop Smoke Featuring Chris Brown,-1.0
Flocky Flocky,Don Toliver Featuring Travis Scott,-1.0
Peaches,Justin Bieber Featuring Daniel Caesar & Giveon,-1.0
Drinkin' Beer. Talkin' God. Amen.,Chase Rice Featuring Florida Georgia Line,-1.0
Your Heart,Joyner Lucas & J. Cole,-1.0
Hot,Meek Mill Featuring Moneybagg Yo,-1.0
Blue Note$ II,Meek Mill Featuring Lil Uzi Vert,-1.0
Me (FWM),Meek Mill Featuring A$AP Ferg,-1.0
Feelin Like Tunechi,Lil Wayne Featuring Rich The Kid,-1.0
Ride For You,Meek Mill Featuring Kehlani,-1.0
Love All,Drake Featuring JAY-Z,-1.0
Rumors,Lizzo Featuring Cardi B,-1.0
N 2 Deep,Drake Featuring Future,-1.0
Scoop,Lil Nas X Featuring Doja Cat,-1.0
Dolla Sign Slime,Lil Nas X Featuring Megan Thee Stallion,-1.0
Lonely,DaBaby X Lil Wayne,-1.0
One Of Me,Lil Nas X Featuring Elton John,-1.0
Skate,Silk Sonic (Bruno Mars & Anderson .Paak),-1.0
Am I Dreaming,Lil Nas X Featuring Miley Cyrus,-1.0
Don't Go Yet,Camila Cabello,-1.0
Range Brothers,Baby Keem & Kendrick Lamar,-1.0
IMY2,Drake Featuring Kid Cudi,-1.0
Yebba's Heartbreak,Drake & Yebba,-1.0
Get Along Better,Drake Featuring Ty Dolla $ign,-1.0
You Only Live Twice,Drake Featuring Lil Wayne & Rick Ross,-1.0
Fountains,Drake Featuring Tems,-1.0
Fucking Fans,Drake,-1.0
AM,Nio Garcia X J Balvin X Bad Bunny,-1.0
Matt Hardy 999,Trippie Redd Featuring Juice WRLD,-1.0
Famous Friends,Chris Young + Kane Brown,-1.0
Beautiful Mistakes,Maroon 5 Featuring Megan Thee Stallion,-1.0
Already Won,Rod Wave Featuring Lil Durk,-1.0
Betrayal,Trippie Redd Featuring Drake,-1.0
Holy Smokes,Trippie Redd Featuring Lil Uzi Vert,-1.0
You,Regard x Troye Sivan x Tate McRae,-1.0
MP5,Trippie Redd Featuring SoFaygo,-1.0
Get Ready,Rod Wave Featuring Kodak Black,-1.0
Danny Phantom,Trippie Redd Featuring XXXTENTACION,-1.0
Demon Time,Trippie Redd Featuring Ski Mask The Slump God,-1.0
Mind Of Melvin,YNW Melly Featuring Lil Uzi Vert,-1.0
Hats Off,"Lil Baby, Lil Durk & Travis Scott",-1.0
Over The Top,Smiley Featuring Drake,-1.0
my.life,"J. Cole, 21 Savage & Morray",-1.0
WUSYANAME,"Tyler, The Creator Featuring YoungBoy Never Broke Again & Ty Dolla $ign",-1.0
Outside,MO3 X OG Bobby Billions,-1.0
5500 Degrees,"EST Gee Featuring Lil Baby, 42 Dugg & Rylo Rodriguez",-1.0
My Ex's Best Friend,Machine Gun Kelly X blackbear,-1.0
EPMD 2,Nas Featuring Eminem & EPMD,-1.0
Lose,KSI x Lil Wayne,-1.0
Fiel,"Los Legendarios, Wisin & Jhay Cortez",-1.0
Mood,24kGoldn Featuring iann dior,-1.0
One Too Many,Keith Urban Duet With P!nk,-1.0
From The Garden,Isaiah Rashad Featuring Lil Uzi Vert,-1.0
Working,Tate McRae X Khalid,-1.0
Wants And Needs,Drake Featuring Lil Baby,-1.0
Better Believe,"Belly, The Weeknd & Young Thug",-1.0
Still Chose You,The Kid LAROI Featuring Mustard,-1.0
Bout A Million,Pop Smoke Featuring 21 Savage & 42 Dugg,-1.0
transparentsoul,Willow Featuring Travis Barker,-1.0
30,Pop Smoke Featuring Bizzy Banks,-1.0
Calling My Phone,Lil Tjay Featuring 6LACK,-1.0
Volando,"Mora, Bad Bunny & Sech",-1.0
Wasting Time,Brent Faiyaz Featuring Drake,-1.0
Cry No More,G Herbo Featuring Polo G & Lil Tjay,-1.0
Essence,Wizkid Featuring Tems,-1.0
Having Our Way,Migos Featuring Drake,-1.0
Tell Em,Cochise & $NOT,-1.0
Hot Wind Blows,"Tyler, The Creator Featuring Lil Wayne",-1.0
I Don't Do Drugs,Doja Cat Featuring Ariana Grande,-1.0
Sir Baudelaire,"Tyler, The Creator Featuring DJ Drama",-1.0
Sweet / I Thought You Wanted To Dance,"Tyler, The Creator Featuring Brent Faiyaz & Fana Hues",-1.0
RunItUp,"Tyler, The Creator Featuring Teezo Touchdown",-1.0
Beat Box,SpotemGottem Featuring Pooh Shiesty Or DaBaby,-1.0
No Return,Polo G Featuring The Kid LAROI & Lil Durk,-1.0
No More Parties,Coi Leray Featuring Lil Durk,-1.0
pride.is.the.devil,J. Cole & Lil Baby,-1.0
Still Runnin,"Lil Baby, Lil Durk & Meek Mill",-1.0
How It Feels,Lil Baby & Lil Durk,-1.0
Malibu,Migos Featuring Polo G,-1.0
Clueless,Polo G Featuring Pop Smoke & Fivio Foreign,-1.0
Heart Of A Giant,Polo G Featuring Rod Wave,-1.0
Party Lyfe,Polo G Featuring DaBaby,-1.0
Go Part 1,Polo G Featuring G Herbo,-1.0
2040,Lil Baby & Lil Durk,-1.0
Back In Blood,Pooh Shiesty Featuring Lil Durk,-1.0
Still Hood,Lil Baby & Lil Durk,-1.0
Man Of My Word,Lil Baby & Lil Durk,-1.0
Medical,Lil Baby & Lil Durk,-1.0
Rich Off Pain,"Lil Baby, Lil Durk & Rod Wave",-1.0
Lying,Lil Baby & Lil Durk,-1.0
That's Facts,Lil Baby & Lil Durk,-1.0
Please,Lil Baby & Lil Durk,-1.0
Up The Side,"Lil Baby, Lil Durk & Young Thug",-1.0
If You Want To,Lil Baby & Lil Durk,-1.0
Killer,Eminem Featuring Jack Harlow & Cordae,-1.0
Goosebumps,Travis Scott & HVME,-1.0
Solid,Young Thug & Gunna Featuring Drake,-1.0
Hello,Pop Smoke Featuring A Boogie Wit da Hoodie,-1.0
95.south,J. Cole,-1.0
Drankin N Smokin,Future & Lil Uzi Vert,-1.0
applying.pressure,J. Cole,-1.0
100.mil',J. Cole & Bas,-1.0
let.go.my.hand,"J. Cole, Bas & 6LACK",-1.0
24 Hours,A Boogie Wit da Hoodie Featuring Lil Durk,-1.0
punchin'.the.clock,J. Cole,-1.0
the.climb.back,J. Cole,-1.0
hunger.on.hillside,J. Cole & Bas,-1.0
His & Hers,"Internet Money, Don Toliver & Lil Uzi Vert Featuring Gunna",-1.0
La Noche de Anoche,Bad Bunny & Rosalia,-1.0
Crocodile Teeth,Nicki Minaj & Skillibeng,-1.0
34+35,Ariana Grande Feat. Doja Cat & Megan Thee Stallion,-1.0
Dakiti,Bad Bunny & Jhay Cortez,-1.0
You're Mines Still,Yung Bleu Featuring Drake,-1.0
Just The Way,Parmalee x Blanco Brown,-1.0
I Did It,"DJ Khaled Featuring Post Malone, Megan Thee Stallion, Lil Baby & DaBaby",-1.0
Hellcats & Trackhawks,Lil Durk,-1.0
Richer,Rod Wave Featuring Polo G,-1.0
Go!,Moneybagg Yo Featuring BIG30,-1.0
Without You,The Kid LAROI & Miley Cyrus,-1.0
Sorry Not Sorry,"DJ Khaled Featuring Nas, JAY-Z & James Fauntleroy",-1.0
Body In Motion,"DJ Khaled Featuring Bryson Tiller, Lil Baby & Roddy Ricch",-1.0
Durag Activity,Baby Keem & Travis Scott,-1.0
Thankful,DJ Khaled Featuring Lil Wayne & Jeremih,-1.0
For The Night,Pop Smoke Featuring Lil Baby & DaBaby,-1.0
Free Promo,Moneybagg Yo Featuring Polo G & Lil Durk,-1.0
Diamonds Dancing,Young Thug & Gunna Featuring Travis Scott,-1.0
Cry Baby,Megan Thee Stallion Featuring DaBaby,-1.0
Came And Saw,Young Thug Featuring Rowdy Rebel,-1.0
Paid The Fine,Young Thug & Gunna Featuring Lil Baby & YTB Trench,-1.0
Run It Up,Lil Tjay Featuring Offset & Moneybagg Yo,-1.0
Slatty,Young Thug & Gunna Featuring Yak Gotti & Lil Duke,-1.0
You All Over Me (Taylor's Version) (From The Vault),Taylor Swift Featuring Maren Morris,-1.0
Met Him Last Night,Demi Lovato Featuring Ariana Grande,-1.0
Real As It Gets,Lil Baby Featuring EST Gee,-1.0
Lemon Pepper Freestyle,Drake Featuring Rick Ross,-1.0
As I Am,Justin Bieber Featuring Khalid,-1.0
Girl Like Me,Black Eyed Peas X Shakira,-1.0
Don't Forget,Rod Wave,-1.0
Unstable,Justin Bieber Featuring The Kid LAROI,-1.0
Die For You,Justin Bieber Featuring Dominic Fike,-1.0
Love You Different,Justin Bieber Featuring BEAM,-1.0
Loved By You,Justin Bieber Featuring Burna Boy,-1.0
Neighbors,Pooh Shiesty Featuring BIG30,-1.0
Bandido,Myke Towers & Juhn,-1.0
Daywalker!,Machine Gun Kelly & CORPSE,-1.0
Opp Stoppa,YBN Nahmir Featuring 21 Savage,-1.0
Still Trappin',Lil Durk & King Von,-1.0
Finesse Out The Gang Way,Lil Durk Featuring Lil Baby,-1.0
Lifestyle,Jason Derulo Featuring Adam Levine,-1.0
I Hope,Gabby Barrett Featuring Charlie Puth,-1.0
Lemonade,Internet Money & Gunna Featuring Don Toliver & NAV,-1.0
Laugh Now Cry Later,Drake Featuring Lil Durk,-1.0
Hit Bout It,Lil Yachty Featuring Kodak Black,-1.0
ZaZa,6ix9ine,-1.0
Back To The Streets,Saweetie Featuring Jhene Aiko,-1.0
Bad Boy,Juice WRLD & Young Thug,-1.0
Rockstar,DaBaby Featuring Roddy Ricch,-1.0
Provide,G-Eazy Featuring Chris Brown & Mark Morrison,-1.0
Box Of Churches,Pooh Shiesty Featuring 21 Savage,-1.0
Whats Poppin,"Jack Harlow Featuring DaBaby, Tory Lanez & Lil Wayne",-1.0
Should've Ducked,Lil Durk Featuring Pooh Shiesty,-1.0
Gravity,"Brent Faiyaz & DJ Dahi Featuring Tyler, The Creator",-1.0
Mr. Right Now,21 Savage & Metro Boomin Featuring Drake,-1.0
Savage Love (Laxed - Siren Beat),Jawsh 685 x Jason Derulo,-1.0
Lo Vas A Olvidar,Billie Eilish & ROSALIA,-1.0
Hit Different,SZA Featuring Ty Dolla $ign,-1.0
Antes,Anuel AA & Ozuna,-1.0
WAP,Cardi B Featuring Megan Thee Stallion,-1.0
Better Days,Ant Clemons Featuring Justin Timberlake,-1.0
Hawai,Maluma & The Weeknd,-1.0
B.S.,Jhene Aiko Featuring H.E.R.,-1.0
Outlaw,Morgan Wallen Featuring Ben Burgess,-1.0
Only Thing That's Gone,Morgan Wallen Featuring Chris Stapleton,-1.0
Girl Like Me,Jazmine Sullivan Featuring H.E.R.,-1.0
Happy Anywhere,Blake Shelton Featuring Gwen Stefani,-1.0
Ain't Always The Cowboy,Jon Pardi,-1.0
Way Out,Jack Harlow Featuring Big Sean,-1.0
Reminds Me Of You,The Kid LAROI & Juice WRLD,-1.0
Go2DaMoon,Playboi Carti Featuring Kanye West,-1.0
"You're A Mean One, Mr. Grinch",Thurl Ravenscroft,-1.0
I'll Be Home For Christmas,Bing Crosby,-1.0
Hallelujah,Carrie Underwood & John Legend,-1.0
Under The Mistletoe,Kelly Clarkson & Brett Eldredge,-1.0
"No Body, No Crime",Taylor Swift Featuring HAIM,-1.0
Evermore,Taylor Swift Featuring Bon Iver,-1.0
Mr. Solo Dolo III,Kid Cudi,-1.0
Real Shit,Juice WRLD x benny blanco,-1.0
Oh Santa!,Mariah Carey Featuring Ariana Grande & Jennifer Hudson,-1.0
Don't Stop,Megan Thee Stallion Featuring Young Thug,-1.0
Be Like That,Kane Brown With Swae Lee & Khalid,-1.0
ily,Surf Mesa Featuring Emilee,-1.0
One Beer,HARDY Featuring Lauren Alaina & Devin Dawson,-1.0
Come & Go,Juice WRLD x Marshmello,-1.0
Franchise,Travis Scott Featuring Young Thug & M.I.A.,-1.0
Pain Away,Meek Mill Featuring Lil Durk,-1.0
Do It On The Tip,Megan Thee Stallion Featuring City Girls & Hot Girl Meg,-1.0
Popstar,DJ Khaled Featuring Drake,-1.0
Stripes Like Burberry,Future & Lil Uzi Vert,-1.0
That's It,Future & Lil Uzi Vert,-1.0
The Woo,Pop Smoke Featuring 50 Cent & Roddy Ricch,-1.0
Real Baby Pluto,Future & Lil Uzi Vert,-1.0
Iris,Phoebe & Maggie,-1.0
Mood Swings,Pop Smoke Featuring Lil Tjay,-1.0
Marni On Me,Future & Lil Uzi Vert,-1.0
Million Dollar Play,Future & Lil Uzi Vert,-1.0
Sleeping On The Floor,Future & Lil Uzi Vert,-1.0
Blind,DaBaby Featuring Young Thug,-1.0
Plastic,Future & Lil Uzi Vert,-1.0
24,Money Man Featuring Lil Baby,-1.0
Runnin,21 Savage & Metro Boomin,-1.0
Relacion,"Sech, Daddy Yankee & J Balvin Featuring Rosalia & Farruko",-1.0
Bought A Bad Bitch,Future & Lil Uzi Vert,-1.0
What That Speed Bout!?,"Mike WiLL Made-It, Nicki Minaj & YoungBoy Never Broke Again",-1.0
Rags2Riches,Rod Wave Featuring ATR Son Son,-1.0
Don't Need Friends,NAV Featuring Lil Baby,-1.0
The Code,King Von Featuring Polo G,-1.0
Tragic,The Kid LAROI Featuring YoungBoy Never Brok Again & Internet Money,-1.0
All These N**gas,King Von Featuring Lil Durk,-1.0
Motive,Ariana Grande Featuring Doja Cat,-1.0
Crazy Story 2.0,King Von Featuring Lil Durk,-1.0
Off The Table,Ariana Grande Featuring The Weeknd,-1.0
"F*ck You, Goodbye",The Kid LAROI Featuring Machine Gun Kelly,-1.0
Safety Net,Ariana Grande Featuring Ty Dolla $ign,-1.0
Thick,DJ Chose Featuring BeatKing,-1.0
Without You,Luke Combs Featuring Amanda Shires,-1.0
Whole Lotta Choppas,Sada Baby Featuring Nicki Minaj,-1.0
Greece,DJ Khaled Featuring Drake,-1.0
Forget Me Too,Machine Gun Kelly & Halsey,-1.0
Head & Heart,Joel Corry X MNEK,-1.0
Hate The Way,G-Eazy Featuring blackbear,-1.0
Glock In My Lap,21 Savage & Metro Boomin,-1.0
Ice Cream,BLACKPINK X Selena Gomez,-1.0
3 Headed Goat,Lil Durk Featuring Lil Baby & Polo G,-1.0
La Jeepeta,Nio Garcia x Anuel AA x Myke Towers x Brray x Juanka,-1.0
Caramelo,Ozuna x Karol G x Myke Towers,-1.0
Pardon,T.I. Featuring Lil Baby,-1.0
Dollaz On My Head,Gunna Featuring Young Thug,-1.0
If The World Was Ending,JP Saxe Featuring Julia Michaels,-1.0
"Baby, I'm Jealous",Bebe Rexha Featuring Doja Cat,-1.0
Rich N*gga Sh*t,21 Savage & Metro Boomin Featuring Young Thug,-1.0
Slidin,21 Savage & Metro Boomin,-1.0
Many Men,21 Savage & Metro Boomin,-1.0
Outta Time,Bryson Tiller Featuring Drake,-1.0
My Dawg,21 Savage & Metro Boomin,-1.0
Brand New Draco,21 Savage & Metro Boomin,-1.0
Snitches & Rats,21 Savage & Metro Boomin Featuring Young Nudy,-1.0
No Opp Left Behind,21 Savage & Metro Boomin,-1.0
Steppin On N*ggas,21 Savage & Metro Boomin,-1.0
RIP Luv,21 Savage & Metro Boomin,-1.0
Said N Done,21 Savage & Metro Boomin,-1.0
Life Is Good,Future Featuring Drake,-1.0
Like That,Doja Cat Featuring Gucci Mane,-1.0
Over Now,Calvin Harris X The Weeknd,-1.0
Moral Of The Story,Ashe Featuring Niall Horan,-1.0
Say So,Doja Cat Featuring Nicki Minaj,-1.0
Dolly,Lil Tecca & Lil Uzi Vert,-1.0
My Window,YoungBoy Never Broke Again Featuring Lil Wayne,-1.0
When You Down,Lil Tecca & Polo G Featuring Lil Durk,-1.0
Wolves,Big Sean Featuring Post Malone,-1.0
Death Bed,Powfu Featuring beabadoobee,-1.0
Intentions,Justin Bieber Featuring Quavo,-1.0
Lithuania,Big Sean Featuring Travis Scott,-1.0
Deep Reverence,Big Sean Featuring Nipsey Hussle,-1.0
Body Language,Big Sean Featuring Ty Dolla $ign & Jhene Aiko,-1.0
Need It,Migos Featuring YoungBoy Never Broke Again,-1.0
Stuck With U,Ariana Grande & Justin Bieber,-1.0
Be A Light,"Thomas Rhett Featuring Reba McEntire, Hillary Scott, Chris Tomlin & Keith Urban",-1.0
Blastoff,Internet Money Featuring Juice WRLD & Trippie Redd,-1.0
Spicy,Nas Featuring Fivio Foreign & A$AP Ferg,-1.0
Hate The Other Side,Juice WRLD & Marshmello Featuring Polo G & The Kid LAROI,-1.0
Exile,Taylor Swift Featuring Bon Iver,-1.0
B*tch From da Souf,Mulatto,-1.0
Past Life,Trevor Daniel x Selena Gomez,-1.0
Don't Rush,Young T & Bugsey Featuring Headie One,-1.0
Life's A Mess,Juice WRLD X Halsey,-1.0
Move Ya Hips,A$AP Ferg Featuring  Nicki Minaj & MadeinTYO,-1.0
Be Kind,Marshmello & Halsey,-1.0
Walk Em Down,NLE Choppa Featuring Roddy Ricch,-1.0
No Dribble,DaBaby x Stunna 4 Vegas,-1.0
The Climb Back,J. Cole,-1.0
Go!,Kid LAROI & Juice WRLD,-1.0
The Scotts,"THE SCOTTS, Travis Scott & Kid Cudi",-1.0
Tell Me U Luv Me,Juice WRLD & Trippie Redd,-1.0
Does To Me,Luke Combs Featuring Eric Church,-1.0
Can't Die,Juice WRLD,-1.0
Chicago Freestyle,Drake Featuring Giveon,-1.0
Flex,Polo G Featuring Juice WRLD,-1.0
Enjoy Yourself,Pop Smoke Featuring Karol G,-1.0
My Affection,Summer Walker & PARTYNEXTDOOR,-1.0
Aim For The Moon,Pop Smoke Featuring Quavo,-1.0
Beer Can't Fix,Thomas Rhett Featuring Jon Pardi,-1.0
Make It Rain,Pop Smoke Featuring Rowdy Rebel,-1.0
Snitchin,Pop Smoke Featuring Quavo & Future,-1.0
Creature,Pop Smoke Featuring Swae Lee,-1.0
West Coast Shit,Pop Smoke Featuring Tyga & Quavo,-1.0
Wash Us In The Blood,Kanye West Featuring Travis Scott,-1.0
Diana,Pop Smoke Featuring King Combs,-1.0
Trollz,6ix9ine & Nicki Minaj,-1.0
Know My Rights,6LACK Featuring Lil Baby,-1.0
Grace,Lil Baby & 42 Dugg,-1.0
Believe It,PARTYNEXTDOOR & Rihanna,-1.0
One Shot,YoungBoy Never Broke Again Featuring Lil Baby,-1.0
July,Noah Cyrus & Leon Bridges,-1.0
Heartless,Diplo Presents Thomas Wesley Featuring Morgan Wallen,-1.0
My Oh My,Camila Cabello Featuring DaBaby,-1.0
Cooler Than A Bitch,Gunna Featuring Roddy Ricch,-1.0
Trillionaire,Future Featuring YoungBoy Never Broke Again,-1.0
TKN,Rosalia & Travis Scott,-1.0
Godzilla,Eminem Featuring Juice WRLD,-1.0
T.D,"Lil Yachty & Tierra Whack Featuring A$AP Rocky & Tyler, The Creator",-1.0
Hasta Que Dios Diga,Anuel AA & Bad Bunny,-1.0
Lose Somebody,Kygo & OneRepublic,-1.0
Sigues Con El,Arcangel x Sech,-1.0
Solitaires,Future Featuring Travis Scott,-1.0
RITMO (Bad Boys For Life),Black Eyed Peas X J Balvin,-1.0
Top Floor,Gunna Featuring Travis Scott,-1.0
Blindfold,Gunna Featuring Lil Baby,-1.0
Go Stupid,Polo G Featuring NLE Choppa & Stunna 4 Vegas,-1.0
Be Something,Polo G Featuring Lil Baby,-1.0
All Bad,Future Featuring Lil Uzi Vert,-1.0
Harlem Shake,Future Featuring Young Thug,-1.0
Pain 1993,Drake Featuring Playboi Carti,-1.0
Don't Believe The Hype,Polo G,-1.0
Zoo York,Lil Tjay Featuring Fivio Foreign & Pop Smoke,-1.0
I'm Ready,Sam Smith & Demi Lovato,-1.0
D4L,"Future, Drake & Young Thug",-1.0
Change Your Life,Kehlani Featuring Jhene Aiko,-1.0
Desires,Drake Featuring Future,-1.0
Jump,DaBaby Featuring YoungBoy Never Broke Again,-1.0
Demons,Drake Featuring Fivio Foreign & Sosa Geek,-1.0
Not You Too,Drake Featuring Chris Brown,-1.0
Slide,H.E.R. Featuring YG,-1.0
Ain't Easy,YoungBoy Never Broke Again,-1.0
Bout My Business,YoungBoy Never Broke Again Featuring Sherhonda Gaulden,-1.0
NASTY,DaBaby Featuring Ashanti & Megan Thee Stallion,-1.0
PTSD,"G Herbo Featuring Chance The Rapper, Juice WRLD & Lil Uzi Vert",-1.0
Thug Of Spades,YoungBoy Never Broke Again Featuring DaBaby,-1.0
PICK UP,DaBaby Featuring Quavo,-1.0
No Guidance,Chris Brown Featuring Drake,-1.0
LIGHTSKIN SH*T,DaBaby Featuring Future & jetsonmade,-1.0
BEST ON EARTH,Russ & BIA,-1.0
CAN'T STOP,DaBaby,-1.0
SAD SHIT,DaBaby,-1.0
DROP,DaBaby Featuring A Boogie Wit da Hoodie & London On Da Track,-1.0
Suicidal,YNW Melly & Juice WRLD,-1.0
The Other Side,SZA X Justin Timberlake,-1.0
Last Time I Say Sorry,Kane Brown & John Legend,-1.0
Know Your Worth,Khalid x Disclosure,-1.0
Into The Unknown,Idina Menzel & AURORA,-1.0
Bean (Kobe),Lil Uzi Vert Featuring Chief Keef,-1.0
Yessirskiii,Lil Uzi Vert & 21 Savage,-1.0
The Other Girl,Kelsea Ballerini x Halsey,-1.0
Wassup,Lil Uzi Vert Featuring Future,-1.0
Strawberry Peels,Lil Uzi Vert Featuring Young Thug & Gunna,-1.0
Leaders,Lil Uzi Vert Featuring NAV,-1.0
No Auto,Lil Uzi Vert Featuring Lil Durk,-1.0
Got The Guap,Lil Uzi Vert Featuring Young Thug,-1.0
Money Spread,Lil Uzi Vert Featuring Young Nudy,-1.0
Happiness Over Everything (H.O.E.),Jhene Aiko Featuring Future & Miguel,-1.0
Commercial,Lil Baby Featuring Lil Uzi Vert,-1.0
Juicy,Doja Cat & Tyga,-1.0
Ignorantes,Bad Bunny & Sech,-1.0
La Santa,Bad Bunny X Daddy Yankee,-1.0
None Of Your Concern,Jhene Aiko Featuring Big Sean,-1.0
Live Off My Closet,Lil Baby Featuring Future,-1.0
No Sucker,Lil Baby & Moneybagg Yo,-1.0
Forever,Lil Baby Featuring Lil Wayne,-1.0
Numbers,"A Boogie Wit da Hoodie Featuring Roddy Ricch, Gunna & London On Da Track",-1.0
Bichiyal,Bad Bunny & Yaviah,-1.0
We Should,Lil Baby & Young Thug,-1.0
Esta Cabron Ser Yo,Bad Bunny X Anuel AA,-1.0
Can't Explain,Lil Baby,-1.0
Forever,Justin Bieber Featuring Post Malone & Clever,-1.0
Dive Bar,Garth Brooks & Blake Shelton,-1.0
TOES,DaBaby Featuring Lil Baby & Moneybagg Yo,-1.0
South Of The Border,Ed Sheeran Featuring Camila Cabello & Cardi B,-1.0
Shake The Room,Pop Smoke Featuring Quavo,-1.0
g n f (Give No Fxk),"Migos, Young Thug & Travis Scott",-1.0
Might Not Give Up,A Boogie Wit da Hoodie Featuring Young Thug,-1.0
Stain,A Boogie Wit da Hoodie Featuring DaBaby,-1.0
Hot,Young Thug Featuring Gunna,-1.0
I Do It,Lil Wayne Featuring Big Sean & Lil Baby,-1.0
Rodeo,Lil Nas X & Cardi B Or Nas,-1.0
Believe,Meek Mill Featuring Justin Timberlake,-1.0
Start Wit Me,Roddy Ricch & Gunna,-1.0
Jerry Sprunger,Tory Lanez & T-Pain,-1.0
Letter To Nipsey,Meek Mill Featuring Roddy Ricch,-1.0
Nice To Meet Ya,Meghan Trainor Featuring Nicki Minaj,-1.0
Get Me,Justin Bieber Featuring Kehlani,-1.0
U Played,MoneyBagg Yo Featuring Lil Baby,-1.0
Those Kinda Nights,Eminem Featuring Ed Sheeran,-1.0
Unaccommodating,Eminem Featuring Young M.A,-1.0
 nah,,-1.0
 film it now,,-1.0
Lock It Up,Eminem Featuring Anderson .Paak,-1.0
On Chill,Wale Featuring Jeremih,-1.0
Heat,Chris Brown Featuring Gunna,-1.0
Tip Toe,Roddy Ricch Featuring A Boogie Wit da Hoodie,-1.0
All Dat,Moneybagg Yo X Megan Thee Stallion,-1.0
Leave Em Alone,"Layton Greene, Lil Baby, City Girls & PnB Rock",-1.0
Protect da Brand,Moneybagg Yo Featuring DaBaby,-1.0
Peta,Roddy Ricch Featuring Meek Mill,-1.0
223's,YNW Melly & 9lokknine,-1.0
Old Town Road,Lil Nas X Featuring Billy Ray Cyrus,-1.0
GANG GANG,JACKBOYS & Sheck Wes,-1.0
WHAT TO DO?,JACKBOYS Featuring Don Toliver,-1.0
Ran$om,Lil Tecca,-1.0
Baby,Lil Baby & DaBaby,-1.0
GATTI,"JACKBOYS, Pop Smoke & Travis Scott",-1.0
Death,Trippie Redd Featuring DaBaby,-1.0
China,"Anuel AA, Daddy Yankee, Karol G, Ozuna & J Balvin",-1.0
Baby Sitter,DaBaby Featuring Offset,-1.0
6 Kiss,Trippie Redd Featuring Juice WRLD & YNW Melly,-1.0
Bad Vibes Forever,XXXTENTACION Featuring PnB Rock & Trippie Redd,-1.0
Show Yourself,Idina Menzel & Evan Rachel Wood,-1.0
Lord Above,Fat Joe & Dre Featuring Eminem & Mary J. Blige,-1.0
Cuban Links,Rod Wave & Kevin Gates,-1.0
Goodbyes,Post Malone Featuring Young Thug,-1.0
Hate Me,Trippie Redd Featuring YoungBoy Never Broke Again,-1.0
Reply,A Boogie Wit da Hoodie Featuring Lil Uzi Vert,-1.0
Money In The Grave,Drake Featuring Rick Ross,-1.0
The Take,Tory Lanez Featuring Chris Brown,-1.0
Stuck In A Dream,Lil Mosey x Gunna,-1.0
Beauty In The Benz,Tory Lanez Featuring Snoop Dogg,-1.0
Hot Shower,Chance The Rapper Featuring MadeinTYO & DaBaby,-1.0
Hell Right,Blake Shelton Featuring Trace Adkins,-1.0
Show Me Love,Alicia Keys Featuring Miguel,-1.0
Cash Shit,Megan Thee Stallion Featuring DaBaby,-1.0
Higher Love,Kygo X Whitney Houston,-1.0
Big Boy Diamonds,Gucci Mane Featuring Kodak Black & London On Da Track,-1.0
Use This Gospel,Kanye West Featuring Clipse & Kenny G,-1.0
Water,Kanye West Featuring Ant Clemons,-1.0
Make It Right,BTS Featuring Lauv,-1.0
Otro Trago,"Sech, Darell, Nicky Jam, Ozuna & Anuel AA",-1.0
Callaita,Bad Bunny & Tainy,-1.0
I'll Kill You,Summer Walker Featuring Jhene Aiko,-1.0
Boyfriend,Ariana Grande & Social House,-1.0
Wish Wish,DJ Khaled Featuring Cardi B & 21 Savage,-1.0
Writing On The Wall,"French Montana Featuring Post Malone, Cardi B & Rvssian",-1.0
Bad Bad Bad,Young Thug Featuring Lil Baby,-1.0
Stretch You Out,Summer Walker Featuring A Boogie Wit da Hoodie,-1.0
RAW SHIT,DaBaby Featuring Migos,-1.0
Right Back,Khalid Featuring A Boogie Wit da Hoodie,-1.0
POP STAR,DaBaby Featuring Kevin Gates,-1.0
iPHONE,DaBaby & Nicki Minaj,-1.0
GOSPEL,"DaBaby Featuring Chance The Rapper, Gucci Mane & YK Osiris",-1.0
REALLY,DaBaby Featuring Stunna 4 Vegas,-1.0
Chicken Noodle Soup,j-hope Featuring Becky G.,-1.0
Pop Out,Polo G Featuring Lil Tjay,-1.0
Staring At The Sun,Post Malone Featuring SZA,-1.0
I'm Gonna Be,Post Malone,-1.0
Baguettes In The Face,"Mustard featuring NAV, Playboi Carti & A Boogie Wit da Hoodie",-1.0
ME!,Taylor Swift Featuring Brendon Urie,-1.0
Bezerk,Big Sean Featuring A$AP Ferg & Hit-Boy,-1.0
Soltera,"Lunay, Daddy Yankee & Bad Bunny",-1.0
Soon You'll Get Better,Taylor Swift Featuring Dixie Chicks,-1.0
Clout,Offset Featuring Cardi B,-1.0
What's The Move,Young Thug Featuring Lil Uzi Vert,-1.0
Surf,Young Thug Featuring Gunna,-1.0
Sup Mate,Young Thug Featuring Future,-1.0
Won't Be Late,Swae Lee Featuring Drake,-1.0
Mac 10,Trippie Redd Featuring Lil Baby & Lil Duke,-1.0
Ecstasy,Young Thug Featuring Machine Gun Kelly,-1.0
Going Bad,Meek Mill Featuring Drake,-1.0
Gold Roses,Rick Ross Featuring Drake,-1.0
Just Us,DJ Khaled Featuring SZA,-1.0
Night Falls,"Dove Cameron, Sofia Carson, Booboo Stewart, Cameron Boyce, Thomas Doherty, China Anne McClain & Dylan Playfair",-1.0
24/7,Meek Mill Featuring Ella Mai,-1.0
Tap,NAV Featuring Meek Mill,-1.0
La La Land,Bryce Vine Featuring YG,-1.0
How About Now,Drake,-1.0
Cross Me,Ed Sheeran Featuring Chance The Rapper & PnB Rock,-1.0
All Day Long,Chance The Rapper Featuring John Legend,-1.0
Do You Remember,Chance The Rapper Featuring Death Cab For Cutie,-1.0
Calma,Pedro Capo X Farruko,-1.0
Con Calma,Daddy Yankee & Katy Perry Featuring Snow,-1.0
Under The Sun,"Dreamville Featuring J. Cole, Lute & DaBaby",-1.0
Mood 4 Eva,"Beyonce, JAY-Z & Childish Gambino Featuring Oumou Sangare",-1.0
Remember The Name,Ed Sheeran Featuring Eminem & 50 Cent,-1.0
Best Part Of Me,Ed Sheeran Featuring YEBBA,-1.0
Down Bad,"Dreamville Featuring JID, Bas, J. Cole, EARTHGANG & Young Nudy",-1.0
Costa Rica,"Dreamville Featuring Bas, JID, Guapdad 4000, Reese LAFLARE, Jace, Mez, Smokepurpp, Buddy & Ski Mask The Slump God",-1.0
Out The Mud,Lil Baby Featuring Future,-1.0
Girls Need Love,Summer Walker X Drake,-1.0
Don't Check On Me,Chris Brown Featuring Justin Bieber & Ink,-1.0
Homicide,Logic Featuring Eminem,-1.0
Bacc At It Again,"Yella Beezy, Gucci Mane & Quavo",-1.0
Here With Me,Marshmello Featuring CHVRCHES,-1.0
You Stay,"DJ Khaled Featuring Meek Mill, J Balvin, Lil Baby & Jeremih",-1.0
Baila Baila Baila,Ozuna x Daddy Yankee x J Balvin x Farruko x Anuel AA,-1.0
Summer Days,Martin Garrix Featuring Macklemore & Patrick Stump,-1.0
Rescue Me,Marshmello Featuring A Day To Remember,-1.0
Te Robare,Nicky Jam X Ozuna,-1.0
Racks In The Middle,Nipsey Hussle Featuring Roddy Ricch & Hit-Boy,-1.0
Put A Date On It,Yo Gotti Featuring Lil Baby,-1.0
Isis,Joyner Lucas Featuring Logic,-1.0
Boy With Luv,BTS Featuring Halsey,-1.0
Shut Up About Politics,John Rich Featuring The Five,-1.0
Higher,DJ Khaled Featuring Nipsey Hussle & John Legend,-1.0
Who Do You Love,The Chainsmokers Featuring 5 Seconds Of Summer,-1.0
Don't Call Me Up,Mabel,-1.0
Girls Like You,Maroon 5 Featuring Cardi B,-1.0
Celebrate,DJ Khaled Featuring Travis Scott & Post Malone,-1.0
Jealous,"DJ Khaled Featuring Chris Brown, Lil Wayne & Big Sean",-1.0
Weather The Storm,DJ Khaled Featuring Meek Mill & Lil Baby,-1.0
I'm So Tired...,Lauv & Troye Sivan,-1.0
SOS,Avicii Featuring Aloe Blacc,-1.0
Rule The World,2 Chainz Featuring Ariana Grande,-1.0
Close To Me,Ellie Goulding X Diplo Featuring Swae Lee,-1.0
Swervin,A Boogie Wit da Hoodie Featuring 6ix9ine,-1.0
I've Been Waiting,Lil Peep & iLoveMakonnen Featuring Fall Out Boy,-1.0
Floating,ScHoolboy Q Featuring 21 Savage,-1.0
CHopstix,ScHoolboy Q + Travis Scott,-1.0
Love Me Anyway,P!nk Featuring Chris Stapleton,-1.0
Stop Snitching,YG,-1.0
Slide,French Montana Featuring Blueface & Lil Tjay,-1.0
Saturday Nights,Khalid & Kane Brown,-1.0
MIA,Bad Bunny Featuring Drake,-1.0
Blue On Black,"Five Finger Death Punch Featuring Kenny Wayne Shepherd, Brantley Gilbert & Brian May",-1.0
Double Up,Nipsey Hussle Featuring Belly & DOM KENNEDY,-1.0
Last Time That I Checc'd,Nipsey Hussle Featuring YG,-1.0
Monopoly,Ariana Grande & Victoria Monet,-1.0
Don't Pretend,Khalid x SAFE,-1.0
Dedication,Nipsey Hussle Featuring Kendrick Lamar,-1.0
Victory Lap,Nipsey Hussle Featuring Stacy Barthe,-1.0
Twerk,City Girls Featuring Cardi B,-1.0
Taki Taki,"DJ Snake Featuring Selena Gomez, Ozuna & Cardi B",-1.0
Price On My Head,NAV Featuring The Weeknd,-1.0
Ella Quiere Beber,Anuel AA & Romeo Santos,-1.0
Nights Like This,Kehlani Featuring Ty Dolla $ign,-1.0
Whip,2 Chainz Featuring Travis Scott,-1.0
Momma I Hit A Lick,2 Chainz Featuring Kendrick Lamar,-1.0
Backin' It Up,Pardison Fontaine Featuring Cardi B,-1.0
Legacy,Offset Featuring Travis Scott & 21 Savage,-1.0
I'll Never Love Again,Lady Gaga,-1.0
How Did I Get Here,Offset Featuring  J. Cole,-1.0
Be Like Me,Lil Pump Featuring Lil Wayne,-1.0
3 Headed Snake,Gunna Featuring Young Thug,-1.0
This Feeling,The Chainsmokers Featuring Kelsea Ballerini,-1.0
Nothing Breaks Like A Heart,Mark Ronson Featuring Miley Cyrus,-1.0
Same Yung N***a,Gunna Featuring Playboi Carti,-1.0
Lost In The Fire,Gesaffelstein & The Weeknd,-1.0
Body,Loud Luxury Featuring Brando,-1.0
365,Zedd & Katy Perry,-1.0
Arms Around You,XXXTENTACION x Lil Pump Featuring Maluma & Swae Lee,-1.0
Startender,A Boogie Wit da Hoodie Featuring Offset & Tyga,-1.0
Burning Man,Dierks Bentley Featuring Brothers Osborne,-1.0
Love Lies,Khalid & Normani,-1.0
Beautiful,Bazzi Featuring Camila Cabello,-1.0
First Off,Future Featuring Travis Scott,-1.0
Roses,benny blanco & Juice WRLD Featuring Brendon Urie,-1.0
No Stylist,French Montana Featuring Drake,-1.0
Electricity,Silk City x Dua Lipa,-1.0
Nuketown,Ski Mask The Slump God Featuring Juice WRLD,-1.0
Space Cadet,Metro Boomin Featuring Gunna,-1.0
Can't Leave Without It,21 Savage,-1.0
Smile (Living My Best Life),Lil' Duval Featuring Snoop Dogg & Ball Greezy,-1.0
Lost In Japan,Shawn Mendes X Zedd,-1.0
Demons And Angels,A Boogie Wit da Hoodie Featuring Juice WRLD,-1.0
KIKA,6ix9ine Featuring Tory Lanez,-1.0
Dip,Tyga & Nicki Minaj,-1.0
Lucky You,Eminem Featuring Joyner Lucas,-1.0
Dangerous,Meek Mill Featuring Jeremih & PnB Rock,-1.0
Happy Xmas (War Is Over),John & Yoko/The Plastic Ono Band With The Harlem Community Choir,-1.0
MoshPit,Kodak Black Featuring Juice WRLD,-1.0
Gnarly,Kodak Black Featuring Lil Pump,-1.0
Uptown Vibes,Meek Mill Featuring Fabolous & Anuel AA,-1.0
MAMA,6ix9ine Featuring Nicki Minaj & Kanye West,-1.0
Taste,Tyga Featuring Offset,-1.0
What's Free,Meek Mill Featuring Rick Ross & JAY-Z,-1.0
One Minute,XXXTENTACION Featuring Kanye West & Travis Barker,-1.0
WAKA,6ix9ine Featuring A Boogie Wit da Hoodie,-1.0
On Me,Meek Mill Featuring Cardi B,-1.0
TIC TOC,6ix9ine Featuring Lil Baby,-1.0
Ring,Cardi B Featuring Kehlani,-1.0
Time,Lil Baby Featuring Meek Mill,-1.0
Ready,Lil Baby Featuring Gunna,-1.0
Tic Tac Toe,Meek Mill Featuring Kodak Black,-1.0
Splash Warning,"Meek Mill Featuring Future, Roddy Ricch & Young Thug",-1.0
Pay You Back,Meek Mill Featuring 21 Savage,-1.0
STOOPID,6ix9ine Featuring Bobby Shmurda,-1.0
Yes Indeed,Lil Baby & Drake,-1.0
Boo'd Up,Ella Mai,-1.0
10 Freaky Girls,Metro Boomin Featuring 21 Savage,-1.0
1400 / 999 Freestyle,Trippie Redd Featuring Juice WRLD,-1.0
I'm A Mess,Bebe Rexha,-1.0
Never Recover,Lil Baby & Gunna Featuring Drake,-1.0
BEBE,6ix9ine Featuring Anuel AA,-1.0
Best Part,Daniel Caesar Featuring H.E.R.,-1.0
Don't Come Out The House,Metro Boomin Featuring 21 Savage,-1.0
Falling Down,Lil Peep & XXXTENTACION,-1.0
Psycho,Post Malone Featuring Ty Dolla $ign,-1.0
Mona Lisa,Lil Wayne Featuring Kendrick Lamar,-1.0
Big Bank,"YG Featuring 2 Chainz, Big Sean & Nicki Minaj",-1.0
Negative Energy,Trippie Redd Featuring Kodie Shane,-1.0
Jackie Chan,Tiesto & Dzeko Featuring Preme & Post Malone,-1.0
Overdue,Metro Boomin Featuring Travis Scott,-1.0
Dreamcatcher,Metro Boomin Featuring Swae Lee & Travis Scott,-1.0
No More,"Metro Boomin Featuring Travis Scott, Kodak Black & 21 Savage",-1.0
No Brainer,"DJ Khaled Featuring Justin Bieber, Chance The Rapper & Quavo",-1.0
Up To Something,Metro Boomin Featuring Travis Scott & Young Thug,-1.0
Waste It On Me,Steve Aoki Featuring BTS,-1.0
Drowns The Whiskey,Jason Aldean Featuring Miranda Lambert,-1.0
Jet Lag,Future & Juice WRLD Featuring Young Scooter,-1.0
Yacht Club,Lil Yachty Featuring Juice WRLD,-1.0
Get Dripped,Lil Yachty Featuring Playboi Carti,-1.0
Flip The Switch,Quavo Featuring Drake,-1.0
Pass Out,Quavo Featuring 21 Savage,-1.0
Rerun,Quavo Featuring Travis Scott,-1.0
Chanel (Go Get It),Young Thug Featuring Gunna & Lil Baby,-1.0
Thunderclouds,"Labrinth, Sia & Diplo Present... LSD",-1.0
Lose It,Quavo Featuring Lil Baby,-1.0
Off White VLONE,Lil Baby & Gunna Featuring Lil Durk & NAV,-1.0
Let It Fly,Lil Wayne Featuring Travis Scott,-1.0
Can't Be Broken,Lil Wayne,-1.0
What About Me,Lil Wayne Featuring Sosamann,-1.0
Dark Side Of The Moon,Lil Wayne Featuring Nicki Minaj,-1.0
Famous,Lil Wayne Featuring Reginae Carter,-1.0
Dope N****z,Lil Wayne Featuring Snoop Dogg,-1.0
Start This S**t Off Right,Lil Wayne Featuring Ashanti & Mack Maine,-1.0
Dope New Gospel,Lil Wayne Featuring Nivea,-1.0
OTW,"Khalid, Ty Dolla $ign & 6LACK",-1.0
Remind Me To Forget,Kygo Featuring Miguel,-1.0
Hopeless Romantic,Wiz Khalifa Featuring Swae Lee,-1.0
Solo,Clean Bandit Featuring Demi Lovato,-1.0
Vaina Loca,Ozuna x Manuel Turizo,-1.0
Pretty Little Fears,6LACK Featuring J. Cole,-1.0
Side Effects,The Chainsmokers Featuring Emily Warren,-1.0
Te Bote,"Casper Magico, Nio Garcia, Darell, Nicky Jam, Ozuna & Bad Bunny",-1.0
IDOL,BTS Featuring Nicki Minaj,-1.0
I'm Upset,Drake,-1.0
Nice Guy,Eminem & Jessie Reyez,-1.0
I Am Who They Say I Am,YoungBoy Never Broke Again Featuring Kevin Gates & Quando Rondo,-1.0
1942,G-Eazy Featuring Yo Gotti & YBN Nahmir,-1.0
Don't Go Breaking My Heart,Backstreet Boys,-1.0
Wasted,Juice WRLD Featuring Lil Uzi Vert,-1.0
Sin Pijama,Becky G + Natti Natasha,-1.0
Made For Now,Janet & Daddy Yankee,-1.0
The Light Is Coming,Ariana Grande Featuring Nicki Minaj,-1.0
Take Back Home Girl,Chris Lane Featuring Tori Kelly,-1.0
Ganja Burns,Nicki Minaj,-1.0
Can't Say,Travis Scott,-1.0
Thought I Knew You,Nicki Minaj Featuring The Weeknd,-1.0
Could've Been,H.E.R. Featuring Bryson Tiller,-1.0
Up Down,Morgan Wallen Featuring Florida Georgia Line,-1.0
Coming Home,Keith Urban Featuring Julia Michaels,-1.0
Handgun,YG Featuring A$AP Rocky,-1.0
Look Alive,BlocBoy JB Featuring Drake,-1.0
Don't Matter To Me,Drake Featuring Michael Jackson,-1.0
Ocean,TK Kravitz Featuring Jacqueez,-1.0
One Day,Logic Featuring Ryan Tedder,-1.0
Freaky Friday,Lil Dicky Featuring Chris Brown,-1.0
Praise The Lord (Da Shine),A$AP Rocky Featuring Skepta,-1.0
Ball For Me,Post Malone Featuring Nicki Minaj,-1.0
Ocean,Martin Garrix Featuring Khalid,-1.0
Fr Fr,Wiz Khalifa Featuring Lil Skies,-1.0
After Dark,Drake Featuring Static Major & Ty Dolla $ign,-1.0
Alone,Halsey Featuring Big Sean & Stefflon Don,-1.0
Everything's Gonna Be Alright,David Lee Murphy & Kenny Chesney,-1.0
Talk Up,Drake Featuring JAY-Z,-1.0
Millidelphia,Meek Mill Featuring Swizz Beatz,-1.0
Kream,Iggy Azalea Feauring Tyga,-1.0
Done For Me,Charlie Puth Featuring Kehlani,-1.0
Me Niego,Reik Featuring Ozuna & Wisin,-1.0
Walk It Talk It,Migos Featuring Drake,-1.0
Rockstar,Post Malone Featuring 21 Savage,-1.0
F**k Love,XXXTENTACION Featuring Trippie Redd,-1.0
Bigger > You,"2 Chainz, Drake & Quavo",-1.0
TATI,6ix9ine Featuring DJ SPINKING,-1.0
I Know You,Lil Skies Featuring Yung Pinch,-1.0
Life Goes On,Lil Baby Featuring Gunna & Lil Uzi Vert,-1.0
Born To Be Yours,Kygo & Imagine Dragons,-1.0
Sativa,Jhene Aiko Featuring Swae Lee Or Rae Sremmurd,-1.0
Welcome To The Party,"Diplo, French Montana & Lil Pump Featuring Zhavia Ward",-1.0
Dame Tu Cosita,Pitbull x El Chombo x Karol G Featuring Cutty Ranks,-1.0
Cop Shot The Kid,Nas Featuring Kanye West,-1.0
4th Dimension,KIDS SEE GHOSTS Featuring Louis Prima,-1.0
El Farsante,Ozuna & Romeo Santos,-1.0
Babe,Sugarland Featuring Taylor Swift,-1.0
Finesse,Bruno Mars & Cardi B,-1.0
Must've Never Met You,Luke Combs,-1.0
Humility,Gorillaz Featuring George Benson,-1.0
Watch,Travis Scott Featuring Lil Uzi Vert & Kanye West,-1.0
Shoota,Playboi Carti Featuring Lil Uzi Vert,-1.0
New Freezer,Rich The Kid Featuring Kendrick Lamar,-1.0
Ric Flair Drip,Offset & Metro Boomin,-1.0
A$AP Forever,A$AP Rocky Featuring Moby,-1.0
What Would Meek Do?,Pusha T Featuring Kanye West,-1.0
Youth,Shawn Mendes Featuring Khalid,-1.0
Dinero,Jennifer Lopez Featuring DJ Khaled & Cardi B,-1.0
Spoil My Night,Post Malone Featuring Swae Lee,-1.0
Champion,NAV Featuring Travis Scott,-1.0
Red Roses,Lil Skies Featuring Landon Cube,-1.0
Gucci Flip Flops,Bhad Bhabie Featuring Lil Yachty,-1.0
Same Bitches,Post Malone Featuring G-Eazy & YG,-1.0
Say Something,Justin Timberlake Featuring Chris Stapleton,-1.0
I Do,Cardi B Featuring SZA,-1.0
Ye vs The People,Kanye West Featuring T.I.,-1.0
The Cut Off,J. Cole Featuring kiLL edward,-1.0
Friends,J. Cole Featuring kiLL edward,-1.0
Close,Rae Sremmurd & Travis Scott,-1.0
Best Life,Cardi B Featuring Chance The Rapper,-1.0
Lights Down Low,MAX Featuring gnash,-1.0
Guatemala,Swae Lee Featuring Slim Jxmmi,-1.0
Anybody,Young Thug Featuring Nicki Minaj,-1.0
She Bad,Cardi B & YG,-1.0
Top Off,"DJ Khaled Featuring JAY Z, Future & B",-1.0
Get You,Daniel Caesar Featuring Kali Uchis,-1.0
Proud,2 Chainz Featuring YG & Offset,-1.0
I Was Never There,The Weeknd Featuring Gesaffelstein,-1.0
Hurt You,The Weeknd Featuring Gesaffelstein,-1.0
Lemon,N*E*R*D & Rihanna,-1.0
Nowadays,Lil Skies Featuring Landon Cube,-1.0
La Modelo,Ozuna x Cardi B,-1.0
NBAYoungboat,Lil Yachty Featuring NBA YoungBoy,-1.0
No Limit,G-Eazy Featuring A$AP Rocky & Cardi B,-1.0
Wolves,Selena Gomez X Marshmello,-1.0
MotorSport,"Migos, Nicki Minaj & Cardi B",-1.0
Pick It Up,Famous Dex Featuring A$AP Rocky,-1.0
Dark Knight Dummo,Trippie Redd Featuring Travis Scott,-1.0
Found / Tonight,Lin-Manuel Miranda & Ben Platt,-1.0
Sky Walker,Miguel Featuring Travis Scott,-1.0
At The Club,Jacquees X Dej Loaf,-1.0
Plain Jane,A$AP Ferg Featuring Nicki Minaj,-1.0
Indica Badu,Logic Featuring Wiz Khalifa,-1.0
66,Lil Yachty Featuring Trippie Redd,-1.0
Wassup,Logic Featuring Big Sean,-1.0
Boom!,Lil Yachty Featuring Ugly God,-1.0
Warm It Up,Logic Featuring Young Sinatra,-1.0
Good Old Days,Macklemore Featuring Kesha,-1.0
The Champion,Carrie Underwood Featuring Ludacris,-1.0
KEKE,"6ix9ine, Fetty Wap & A Boogie Wit da Hoodie",-1.0
Stranger Things,Joyner Lucas & Chris Brown,-1.0
Corazon,Maluma X Nego do Borel,-1.0
Bodak Yellow (Money Moves),Cardi B,-1.0
RONDO,6ix9ine Featuring Tory Lanez & Young Thug,-1.0
Notice Me,Migos Featuring Post Malone,-1.0
Codeine Dreaming,Kodak Black Featuring Lil Wayne,-1.0
Mayores,Becky G Featuring Bad Bunny,-1.0
I Get The Bag,Gucci Mane Featuring Migos,-1.0
Let Me Go,Hailee Steinfeld & Alesso Featuring Florida Georgia Line & Watt,-1.0
Roll In Peace,Kodak Black Featuring XXXTENTACION,-1.0
Criminal,Natti Natasha x Ozuna,-1.0
BBO (Bad Bitches Only),Migos Featuring 21 Savage,-1.0
The Way Life Goes,Lil Uzi Vert Featuring Nicki Minaj,-1.0
White Sand,"Migos Featuring Travis Scott, Ty Dolla $ign & Big Sean",-1.0
CC,Migos Featuring Gucci Mane,-1.0
MIC Drop,BTS Featuring Desiigner,-1.0
What Lovers Do,Maroon 5 Featuring SZA,-1.0
Mi Gente,J Balvin & Willy William Featuring Beyonce,-1.0
Pills And Automobiles,"Chris Brown Featuring Yo Gotti, A Boogie Wit da Hoodie & Kodak Black",-1.0
Ice Tray,Quavo & Lil Yachty,-1.0
I'll Name The Dogs,Blake Shelton,-1.0
Silence,Marshmello Featuring Khalid,-1.0
Despacito,Luis Fonsi & Daddy Yankee Featuring Justin Bieber,-1.0
I Miss You,Clean Bandit Featuring Julia Michaels,-1.0
Dusk Till Dawn,Zayn Featuring Sia,-1.0
Wanted You,NAV Featuring Lil Uzi Vert,-1.0
Eye 2 Eye,Huncho Jack Featuring Takeoff,-1.0
Dubai Shit,Huncho Jack Featuring Offset,-1.0
Walk On Water,Eminem Featuring Beyonce,-1.0
Go Legend,Big Sean & Metro Boomin Featuring Travis Scott,-1.0
Pull Up N Wreck,Big Sean & Metro Boomin Featuring 21 Savage,-1.0
Ghostface Killers,"21 Savage, Offset & Metro Boomin Featuring Travis Scott",-1.0
Faking It,Calvin Harris Featuring Kehlani & Lil Yachty,-1.0
Congratulations,Post Malone Featuring Quavo,-1.0
Bella y Sensual,Romeo Santos Featuring Nicky Jam & Daddy Yankee,-1.0
Rake It Up,Yo Gotti Featuring Nicki Minaj,-1.0
Strip That Down,Liam Payne Featuring Quavo,-1.0
It's Everyday Bro,Jake Paul Featuring Team 10,-1.0
Perro Fiel,Shakira Featuring Nicky Jam,-1.0
Relationship,Young Thug Featuring Future,-1.0
Glorious,Macklemore Featuring Skylar Grey,-1.0
The Rest Of Our Life,Tim McGraw & Faith Hill,-1.0
What Ifs,Kane Brown Featuring Lauren Alaina,-1.0
Crew,GoldLink Featuring Brent Faiyaz & Shy Glizzy,-1.0
Rap Saved Me,"21 Savage, Offset & Metro Boomin Featuring Quavo",-1.0
Patek Water,Future & Young Thug Featuring Offset,-1.0
Wild Thoughts,DJ Khaled Featuring Rihanna & Bryson Tiller,-1.0
My Choppa Hate N****s,21 Savage & Metro Boomin,-1.0
Pray,Sam Smith Featuring Logic,-1.0
Mad Stalkers,"21 Savage, Offset & Metro Boomin",-1.0
Nightmare,Offset & Metro Boomin,-1.0
Too Hotty,"Quavo, Takeoff & Offset",-1.0
High End,Chris Brown Featuring Future & Young Thug,-1.0
Love Galore,SZA Featuring Travis Scott,-1.0
No Cap,Future & Young Thug,-1.0
Escapate Conmigo,Wisin Featuring Ozuna,-1.0
All Da Smoke,Future & Young Thug,-1.0
It's A Vibe,"2 Chainz Featuring Ty Dolla $ign, Trey Songz & Jhene Aiko",-1.0
Three,Future & Young Thug,-1.0
No Promises,Cheat Codes Featuring Demi Lovato,-1.0
Curve,Gucci Mane Featuring The Weeknd,-1.0
Feels,"Calvin Harris Featuring Pharrell Williams, Katy Perry & Big Sean",-1.0
Stunting Ain't Nuthin,Gucci Mane Featuring Slim Jxmmi & Young Dolph,-1.0
Almost Like Praying,Lin-Manuel Miranda Featuring Artists For Puerto Rico,-1.0
Loyalty.,Kendrick Lamar Featuring Rihanna,-1.0
Dear Hate,Maren Morris Featuring Vince Gill,-1.0
Undefeated,A Boogie Wit da Hoodie Featuring 21 Savage,-1.0
Beast Mode,A Boogie Wit da Hoodie Featuring PnB Rock & YoungBoy Never Broke Again,-1.0
Whatever You Need,Meek Mill Featuring Chris Brown & Ty Dolla $ign,-1.0
Back To You,Louis Tomlinson Featuring Bebe Rexha & Digital Farm Animals,-1.0
Neon Guts,Lil Uzi Vert Featuring Pharrell Williams,-1.0
It Ain't Me,Kygo x Selena Gomez,-1.0
Down,Fifth Harmony Featuring Gucci Mane,-1.0
Everyday We Lit,YFN Lucci Featuring PnB Rock,-1.0
Drowning,A Boogie Wit da Hoodie Featuring Kodak Black,-1.0
2U,David Guetta Featuring Justin Bieber,-1.0
Its Every Night Sis,RiceGum Featuring Alissa Violet,-1.0
4:00 AM,2 Chainz Featuring Travis Scott,-1.0
Know No Better,"Major Lazer Featuring Travis Scott, Camila Cabello & Quavo",-1.0
Slippery,Migos Featuring Gucci Mane,-1.0
Craving You,Thomas Rhett Featuring Maren Morris,-1.0
Something New,Wiz Khalifa Featuring Ty Dolla $ign,-1.0
It's Goin' Down,Descendants 2 Cast,-1.0
OMG,Camila Cabello Featuring Quavo,-1.0
What's My Name,"China Anne McClain, Thomas Doherty & Dylan Playfair",-1.0
You Da Baddest,Future Featuring Nicki Minaj,-1.0
Chillin' Like A Villain,"Sofia Carson, Cameron Boyce, Booboo Stewart & Mitchell Hope",-1.0
Swalla,Jason Derulo Featuring Nicki Minaj & Ty Dolla $ign,-1.0
Subeme La Radio,"Enrique Iglesias Featuring Descemer Bueno, Zion & Lennox Or Sean Paul",-1.0
"God, Your Mama, And Me",Florida Georgia Line Featuring Backstreet Boys,-1.0
Heavy,Linkin Park Featuring Kiiara,-1.0
Closer,The Chainsmokers Featuring Halsey,-1.0
The Fighter,Keith Urban Featuring Carrie Underwood,-1.0
We Ball,Meek Mill Featuring Young Thug,-1.0
F**k That Check Up,Meek Mill Featuring Lil Uzi Vert,-1.0
Bad And Boujee,Migos Featuring Lil Uzi Vert,-1.0
iSpy,KYLE Featuring Lil Yachty,-1.0
A Lie,French Montana Featuring The Weeknd & Max B,-1.0
Jerika,Jake Paul & Erika Costell Featuring Uncle Kade,-1.0
Woman,Kesha Featuring The Dap-Kings Horns,-1.0
Rollin,Calvin Harris Featuring Future & Khalid,-1.0
Slide,Calvin Harris Featuring Frank Ocean & Migos,-1.0
Bam,"JAY-Z Featuring Damian ""Jr. Gong"" Marely",-1.0
Caught Their Eyes,JAY-Z Featuring Frank Ocean,-1.0
Portland,Drake Featuring Quavo & Travis Scott,-1.0
Extra Luv,Future Featuring YG,-1.0
Don't Quit,DJ Khaled & Calvin Harris Featuring Travis Scott & Jeremih,-1.0
To The Max,DJ Khaled Featuring Drake,-1.0
On Everything,"DJ Khaled Featuring Travis Scott, Rick Ross & Big Sean",-1.0
Cold,Maroon 5 Featuring Future,-1.0
Good Drank,2 Chainz x Gucci Mane x Quavo,-1.0
Shining,DJ Khaled Featuring Beyonce & JAY Z,-1.0
Real Hitta,Plies Featuring Kodak Black,-1.0
Rockabye,Clean Bandit Featuring Sean Paul & Anne-Marie,-1.0
Peek A Boo,Lil Yachty Featuring Migos,-1.0
Met Gala,Gucci Mane Featuring Offset,-1.0
Human,Rag'n'Bone Man,-1.0
Don't Get Too High,Bryson Tiller,-1.0
There For You,Martin Garrix x Troye Sivan,-1.0
Chained To The Rhythm,Katy Perry Featuring Skip Marley,-1.0
At My Best,Machine Gun Kelly Featuring Hailee Steinfeld,-1.0
Both,Gucci Mane Featuring Drake,-1.0
I Feel It Coming,The Weeknd Featuring Daft Punk,-1.0
I Don't Wanna Live Forever (Fifty Shades Darker),Zayn / Taylor Swift,-1.0
Can't Stop The Feeling!,Justin Timberlake,-1.0
Party,Chris Brown Featuring Usher & Gucci Mane,-1.0
Selfish,Future Featuring Rihanna,-1.0
You're Welcome,Dwayne Johnson,-1.0
Lust For Life,Lana Del Rey Featuring The Weeknd,-1.0
Still Got Time,Zayn Featuring PARTYNEXTDOOR,-1.0
How Far I'll Go,Auli'i Cravalho,-1.0
Black SpiderMan,Logic Featuring Damian Lemar Hudson,-1.0
Don't Wanna Know,Maroon 5 Featuring Kendrick Lamar,-1.0
Bad Things,Machine Gun Kelly x Camila Cabello,-1.0
Speak To A Girl,Tim McGraw & Faith Hill,-1.0
The Heart Part 4,Kendrick Lamar,-1.0
Sacrifices,Drake Featuring 2 Chainz & Young Thug,-1.0
Conscience,Kodak Black Featuring Future,-1.0
Heatstroke,"Calvin Harris Featuring Young Thug, Pharrell Williams & Ariana Grande",-1.0
Get It Together,Drake Featuring Jorja Smith & Black Coffee,-1.0
No Long Talk,Drake Featuring Giggs,-1.0
KMT,Drake Featuring Giggs,-1.0
4422,Drake Featuring Sampha,-1.0
Ice Melts,Drake Featuring Young Thug,-1.0
Glow,Drake Featuring Kanye West,-1.0
Can't Have Everything,Drake,-1.0
Let Me Love You,DJ Snake Featuring Justin Bieber,-1.0
Since Way Back,Drake Featuring PARTYNEXTDOOR,-1.0
Make Me (Cry),Noah Cyrus Featuring Labrinth,-1.0
Kill A Word,Eric Church Featuring Rhiannon Giddens,-1.0
Trap Trap Trap,Rick Ross Featuring Young Thug & Wale,-1.0
Black Beatles,Rae Sremmurd Featuring Gucci Mane,-1.0
Sober Saturday Night,Chris Young Featuring Vince Gill,-1.0
Comin Out Strong,Future Featuring The Weeknd,-1.0
Chantaje,Shakira Featuring Maluma,-1.0
Side To Side,Ariana Grande Featuring Nicki Minaj,-1.0
Used To This,Future Featuring Drake,-1.0
No Heart,21 Savage & Metro Boomin,-1.0
Broccoli,D.R.A.M. Featuring Lil Yachty,-1.0
No Favors,Big Sean Featuring Eminem,-1.0
Starving,Hailee Steinfeld & Grey Featuring Zedd,-1.0
Bom Bidi Bom,Nick Jonas & Nicki Minaj,-1.0
Some Kind Of Drug,G-Eazy Featuring Marc E. Bassy,-1.0
Cheap Thrills,Sia Featuring Sean Paul,-1.0
Don't Let Me Down,The Chainsmokers Featuring Daya,-1.0
The Greatest,Sia Featuring Kendrick Lamar,-1.0
I Don't,Mariah Carey Featuring YG,-1.0
Light,Big Sean Featuring Jeremih,-1.0
Kelly Price,Migos Featuring Travis Scott,-1.0
Run Up,Major Lazer Featuring PARTYNEXTDOOR & Nicki Minaj,-1.0
I'm Better,Missy Elliott Featuring Lamb,-1.0
Culture,Migos Featuring DJ Khaled,-1.0
Chill Bill,Rob $tone Featuring J. Davi$ & Spooks,-1.0
Cold Water,Major Lazer Featuring Justin Bieber & MO,-1.0
Sneakin',Drake Featuring 21 Savage,-1.0
Say It,Flume Featuring Tove Lo,-1.0
Running Back,Wale Featuring Lil Wayne,-1.0
Timeless,A Boogie Wit da Hoodie Featuring DJ SPINKING,-1.0
All We Know,The Chainsmokers Featuring Phoebe Ryan,-1.0
Just Hold On,Steve Aoki & Louis Tomlinson,-1.0
My Sh*t,A Boogie Wit da Hoodie,-1.0
I Hate U I Love U,gnash Featuring Olivia O'Brien,-1.0
May We All,Florida Georgia Line Featuring Tim McGraw,-1.0
Too Much Sauce,DJ ESCO Featuring Future & Lil Uzi Vert,-1.0
Key To The Streets,YFN Lucci Featuring Migos & Trouble,-1.0
We Know The Way,Opetaia Foa'i & Lin-Manuel Miranda,-1.0
Careless Whisper,Wham! Featuring George Michael,-1.0
Pick Up The Phone,Young Thug And Travis Scott Featuring Quavo,-1.0
Black Barbies,Nicki Minaj X Mike WiLL Made-It,-1.0
Do You Mind,"DJ Khaled Featuring Nicki Minaj, Chris Brown, August Alsina, Jeremih, Future & Rick Ross",-1.0
1-800-273-8255,Logic Featuring Alessia Cara & Khalid,-1.0
Bartier Cardi,Cardi B Featuring 21 Savage,-1.0
Beautiful People,Ed Sheeran Featuring Khalid,-1.0
Bed,Nicki Minaj Featuring Ariana Grande,-1.0
Best Friend,Saweetie Featuring Doja Cat,-1.0
Best Friend,"Sofi Tukker Featuring NERVO, The Knocks & Alisa Ueno",-1.0
Big Paper,DJ Khaled Featuring Cardi B,-1.0
Bon Appetit,Katy Perry Featuring Migos,-1.0
Brown Skin Girl,"Beyonce, SAINt JHN & Wizkid Featuring Blue Ivy Carter",-1.0
Can I,Kehlani Featuring Tory Lanez,-1.0
Coney Island,Taylor Swift Featuring The National,-1.0
Demeanor,Pop Smoke Featuring Dua Lipa,-1.0
Die For Me,Post Malone Featuring Future & Halsey,-1.0
Don't Cry,Lil Wayne Featuring XXXTENTACION,-1.0
Drip,Cardi B Featuring Migos,-1.0
Easy,DaniLeigh Featuring Chris Brown,-1.0
El Bano,Enrique Iglesias Featuring Bad Bunny,-1.0
End Game,Taylor Swift Featuring Ed Sheeran & Future,-1.0
Enemies,Post Malone Featuring DaBaby,-1.0
Every Chance I Get,DJ Khaled Featuring Lil Baby & Lil Durk,-1.0
Every Hour,Kanye West Featuring Sunday Service Choir,-1.0
Everyday,Ariana Grande Featuring Future,-1.0
Everything We Need,Kanye West Featuring Ty Dolla $ign & Ant Clemons,-1.0
Family Feud,JAY-Z Featuring Beyonce,-1.0
FEFE,6ix9ine Featuring Nicki Minaj & Murda Beatz,-1.0
Fetish,Selena Gomez Featuring Gucci Mane,-1.0
Ghost Town,Kanye West Featuring PARTYNEXTDOOR,-1.0
Good Form,Nicki Minaj Featuring Lil Wayne,-1.0
Good Guy,Eminem Featuring Jessie Reyez,-1.0
HAD ENOUGH,Don Toliver Featuring Quavo & Offset,-1.0
Hands On,Kanye West Featuring Fred Hammond,-1.0
Havana,Camila Cabello Featuring Young Thug,-1.0
High Fashion,Roddy Ricch Featuring Mustard,-1.0
Holy,Justin Bieber Featuring Chance The Rapper,-1.0
Homemade Dynamite,"Lorde Featuring Khalid, Post Malone & SZA",-1.0
I'm The One,"DJ Khaled Featuring Justin Bieber, Quavo, Chance The Rapper & Lil Wayne",-1.0
Infinity (888),XXXTENTACION Featuring Joey Bada$$,-1.0
Juggernaut,"Tyler, The Creator Featuring Lil Uzi Vert & Pharrell Williams",-1.0
Knife Talk,Drake Featuring 21 Savage & Project Pat,-1.0
Leaving Heaven,Eminem Featuring Skylar Grey,-1.0
Lemonhead,"Tyler, The Creator Featuring 42 Dugg",-1.0
Let It Go,DJ Khaled Featuring Justin Bieber & 21 Savage,-1.0
Levitating,Dua Lipa Featuring DaBaby,-1.0
Lost,NF Featuring Hopsin,-1.0
Love.,Kendrick Lamar Featuring Zacari,-1.0
Loyal,PARTYNEXTDOOR Featuring Drake,-1.0
M3tamorphosis,Playboi Carti Featuring Kid Cudi,-1.0
Majesty,Nicki Minaj Featuring Eminem & Labrinth,-1.0
Manifesto,"Tyler, The Creator Featuring Domo Genesis",-1.0
Manslaughter,Pop Smoke Featuring Rick Ross & The-Dream,-1.0
Me Gusta,Anitta Featuring Cardi B & Myke Towers,-1.0
Mixed Personalities,YNW Melly Featuring Kanye West,-1.0
Monsters,All Time Low Featuring Demi Lovato & blackbear,-1.0
Mr. Jones,Pop Smoke Featuring Future,-1.0
No Complaints,Metro Boomin Featuring Offset & Drake,-1.0
No Regrets,Eminem Featuring Don Toliver,-1.0
Not Alike,Eminem Featuring Royce Da 5'9,-1.0
Not Sober,The Kid LAROI Featuring Polo G & Stunna Gambino,-1.0
On The Road,Post Malone Featuring Meek Mill & Lil Baby,-1.0
Out West,JACKBOYS Featuring Young Thug,-1.0
Prisoner,Miley Cyrus Featuring Dua Lipa,-1.0
Proud Of You,Young Thug Featuring Lil Uzi Vert & Yung Kayo,-1.0
Renegade,Big Red Machine Featuring Taylor Swift,-1.0
Rich MF,Trippie Redd Featuring Lil Durk & Polo G,-1.0
Rich Sex,Nicki Minaj Featuring Lil Wayne,-1.0
Rise!,"Tyler, The Creator Featuring Daisy World",-1.0
River,Eminem Featuring Ed Sheeran,-1.0
Sacrifices,Big Sean Featuring Migos,-1.0
Sharing Locations,Meek Mill Featuring Lil Baby & Lil Durk,-1.0
Sidewalks,The Weeknd Featuring Kendrick Lamar,-1.0
Smile,JAY-Z Featuring Gloria Carter,-1.0
Starboy,The Weeknd Featuring Daft Punk,-1.0
Strangers,Halsey Featuring Lauren Jauregui,-1.0
Suncity,Khalid Featuring Empress Of,-1.0
Supalonely,BENEE Featuring Gus Dapperton,-1.0
Swish Swish,Katy Perry Featuring Nicki Minaj,-1.0
Take What You Want,Post Malone Featuring Ozzy Osbourne & Travis Scott,-1.0
Takeaway,The Chainsmokers & ILLENIUM Featuring Lennon Stella,-1.0
Tell The Vision,Pop Smoke Featuring Kanye West & Pusha T,-1.0
UnFazed,Lil Uzi Vert Featuring The Weeknd,-1.0
Unforgettable,French Montana Featuring Swae Lee,-1.0
Urgency,Lil Uzi Vert Featuring Syd,-1.0
Who Want Smoke??,"Nardo Wick Featuring G Herbo, Lil Durk & 21 Savage",-1.0
Wokeuplikethis*,Playboi Carti Featuring Lil Uzi Vert,-1.0
Wouldn't Leave,Kanye West Featuring PARTYNEXTDOOR,-1.0
X,Jonas Brothers Featuring Karol G,-1.0
X,21 Savage & Metro Boomin Featuring Future,-1.0
XXX.,Kendrick Lamar Featuring U2,-1.0
You Gon' Learn,"Eminem Featuring Royce da 5'9"" & White Gold",-1.0
ZEZE,Kodak Black Featuring Travis Scott & Offset,-1.0
Smokin Out The Window,Silk Sonic (Bruno Mars & Anderson .Paak),-1.0
Bitter,Summer Walker & Cardi B,-1.0
Toxic,Summer Walker Featuring Lil Durk,-1.0
Unloyal,Summer Walker & Ari Lennox,-1.0
Constant Bulls**t,Summer Walker,-1.0
Switch A N*gga Out,Summer Walker,-1.0
Screwin,Summer Walker & Omarion,-1.0
Sad Girlz Luv Money,Amaarae & Moliy Featuring Kali Uchis,-1.0
Jumpin,NLE Choppa Featuring Polo G,-1.0
I Bet You Think About Me (Taylor's Version) (From The Vault),Taylor Swift Featuring Chris Stapleton,-1.0
Nothing New (Taylor's Version) (From The Vault),Taylor Swift Featuring Phoebe Bridgers,-1.0
Run (Taylor's Version) (From The Vault),Taylor Swift Featuring Ed Sheeran,-1.0
Everything Has Changed (Taylor's Version),Taylor Swift Featuring Ed Sheeran,-1.0
The Last Time (Taylor's Version),Taylor Swift Featuring Gary Lightbody Of Snow Patrol,-1.0
After Last Night,Silk Sonic (Bruno Mars & Anderson .Paak) With Thundercat & Bootsy Collins,-1.0
Blast Off,Silk Sonic (Bruno Mars & Anderson .Paak),-1.0
Put On A Smile,Silk Sonic (Bruno Mars & Anderson .Paak),-1.0
Fly As Me,Silk Sonic (Bruno Mars & Anderson .Paak),-1.0
La Fama,Rosalia Featuring The Weeknd,-1.0
Enemy,Imagine Dragons X JID,-1.0
(There's No Place Like) Home For The Holidays (1959),Perry Como With Mitchell Ayers And His Orchestra,-1.0
Wandered To LA.,Juice WRLD & Justin Bieber,-1.0
Don't Play,Polo G Featuring Lil Baby,-1.0
Start Up Again,Polo G Featuring Moneybagg Yo,-1.0
I'll Be Home For Christmas,Camila Cabello,-1.0
Girl Of My Dreams,Juice WRLD & SUGA,-1.0
Broadway Girls,Lil Durk Featuring Morgan Wallen,-1.0
Moved To Miami,Roddy Ricch Featuring Lil Baby,-1.0
Hibachi,Roddy Ricch Featuring Kodak Black & 21 Savage,-1.0
Do It To It,Acraze Featuring Cherish,-1.0
